ticker,window_idx,date,bb_position,cci,dist_to_resistance_pct,raw_score,capped_score,capped,high_score,obv_trend_notnull,h4_long_fired,h4_short_fired,h6_confluence_total,h6_confluence_neutralized,h6_contradiction,sma20_slope_diff,ema_long_slope_dir
AEFES.IS,1,2024-11-07 00:00:00,ABOVE_UPPER,139.4440437296581,1.0784373765540958,29.200000000000003,10.0,YES,YES,63,7,0,41,41,False,-4.18769817352295,-1
AEFES.IS,1,2024-11-08 00:00:00,MIDDLE,152.89968348311223,1.1776404874792272,3.0,3.0,no,no,63,7,0,41,41,False,-3.9288098335266106,-1
AEFES.IS,1,2024-11-12 00:00:00,ABOVE_UPPER,181.62604592785763,1.5551363543088108,14.599999999999998,14.599999999999998,no,no,63,7,0,41,41,False,-3.2463083267211914,-1
AEFES.IS,1,2024-11-13 00:00:00,MIDDLE,178.728550745161,1.1737096540660996,2.0,2.0,no,no,63,7,0,41,41,False,-2.8735877990722685,-1
AEFES.IS,1,2024-11-14 00:00:00,MIDDLE,191.93965454784131,2.574710188240837,19.0,19.0,no,no,63,7,0,41,41,False,-2.492016315460205,-1
AEFES.IS,2,2024-12-06 00:00:00,ABOVE_UPPER,172.08531518118718,0.219881903748681,42.0,10.0,YES,YES,63,0,0,3,3,False,0.9470446586608894,1
AEFES.IS,2,2024-12-09 00:00:00,ABOVE_UPPER,236.82465530558858,1.1991382215097486,-1.0,-1.0,no,no,63,0,1,3,3,False,1.1889689445495613,1
AEFES.IS,2,2024-12-10 00:00:00,MIDDLE,186.62318135551925,2.4718123283465796,6.0,6.0,no,no,63,0,1,3,3,False,1.3890973091125467,1
AEFES.IS,2,2024-12-26 00:00:00,MIDDLE,98.04610124200705,0.9684191252055915,7.0,7.0,no,no,63,2,1,3,3,False,3.4021819114685066,1
AEFES.IS,2,2025-02-17 00:00:00,MIDDLE,163.037984098326,1.975596575682851,2.0,2.0,no,no,63,8,3,11,11,False,-5.391172647476196,-1
AEFES.IS,2,2025-02-18 00:00:00,ABOVE_UPPER,185.5853398315644,1.431024669868737,3.0,3.0,no,no,63,8,3,11,11,False,-5.413791608810424,-1
AEFES.IS,3,2025-03-06 00:00:00,MIDDLE,114.70642653471583,0.6128061188166617,3.0,3.0,no,no,63,3,0,0,0,False,-4.025677585601809,-1
AEFES.IS,3,2025-03-07 00:00:00,MIDDLE,132.3839084921422,0.8938685184070224,-5.0,-5.0,no,no,63,3,1,0,0,False,-3.6436142921447754,-1
AEFES.IS,3,2025-03-12 00:00:00,MIDDLE,166.63146548318153,2.0329610789807844,4.800000000000001,4.800000000000001,no,no,63,3,1,0,0,False,-2.4787395954132094,-1
AEFES.IS,3,2025-03-14 00:00:00,ABOVE_UPPER,183.35549454928397,0.7368388928865102,3.0,3.0,no,no,63,3,1,0,0,False,-1.805580568313598,-1
AEFES.IS,3,2025-03-17 00:00:00,MIDDLE,173.26781008094895,1.5311457233448256,6.0,6.0,no,no,63,3,1,0,0,False,-1.4058155536651604,-1
AEFES.IS,4,2025-06-30 00:00:00,ABOVE_UPPER,142.89823025498436,0.20039901426900023,20.0,20.0,no,no,63,7,3,0,0,False,-2.315676832199097,-1
AEFES.IS,4,2025-07-01 00:00:00,ABOVE_UPPER,197.48032657493226,0.1953169747140303,-8.0,-8.0,no,no,63,7,4,0,0,False,-2.207889652252197,-1
AEFES.IS,4,2025-07-02 00:00:00,MIDDLE,206.27882507898485,3.1984382151001287,7.0,7.0,no,no,63,7,4,0,0,False,-2.0734751224517805,-1
AEFES.IS,4,2025-07-03 00:00:00,ABOVE_UPPER,218.9271133508128,1.5547263755358376,8.0,8.0,no,no,63,7,4,0,0,False,-1.9368945598602298,-1
AEFES.IS,4,2025-07-04 00:00:00,ABOVE_UPPER,180.03489423218548,1.5547263755358376,-8.0,-8.0,no,no,63,7,5,0,0,False,-1.8398048877716064,-1
AEFES.IS,6,2025-11-25 00:00:00,ABOVE_UPPER,275.2141499489162,4.375004768371582,14.5,14.5,no,no,63,0,0,0,0,False,-0.24892363548278773,-1
AEFES.IS,6,2025-11-26 00:00:00,ABOVE_UPPER,191.03174325319776,4.767889991423596,7.0,7.0,no,no,63,0,0,0,0,False,-0.08380107879638743,-1
AEFES.IS,6,2026-01-14 00:00:00,MIDDLE,119.0222205182575,0.11771899960629673,17.0,17.0,no,no,63,2,0,29,29,False,1.7935393333435066,1
AEFES.IS,6,2026-01-15 00:00:00,MIDDLE,172.23138093180606,2.214458458591083,13.299999999999997,13.299999999999997,no,no,63,2,0,29,29,False,1.7687461853027333,1
AEFES.IS,6,2026-01-16 00:00:00,ABOVE_UPPER,235.20170812880008,0.0,16.0,16.0,no,no,63,2,0,29,29,False,1.797506427764894,1
AEFES.IS,6,2026-01-19 00:00:00,ABOVE_UPPER,216.995278277353,1.0537915666842554,16.0,16.0,no,no,63,2,0,29,29,False,1.81882858276367,1
AEFES.IS,6,2026-01-26 00:00:00,MIDDLE,131.97024918948026,0.27518324221071117,8.0,8.0,no,no,63,3,0,29,29,False,1.8589935302734393,1
AEFES.IS,6,2026-01-28 00:00:00,MIDDLE,134.0736659071585,0.2692576479854063,13.600000000000001,13.600000000000001,no,no,63,3,0,29,29,False,1.9641165256500237,1
AEFES.IS,6,2026-01-29 00:00:00,MIDDLE,153.53772835925605,1.4361727059617042,21.0,21.0,no,no,63,3,0,29,29,False,2.06874370574951,1
AEFES.IS,6,2026-01-30 00:00:00,ABOVE_UPPER,155.27201139107922,0.0,16.0,16.0,no,no,63,3,0,29,29,False,2.190230274200438,1
AEFES.IS,6,2026-02-02 00:00:00,ABOVE_UPPER,164.49996852207258,1.2729124631835165,18.0,18.0,no,no,63,3,0,29,29,False,2.2998161792755134,1
AEFES.IS,6,2026-02-03 00:00:00,ABOVE_UPPER,192.71501193933926,0.5934759807540815,16.0,16.0,no,no,63,3,0,29,29,False,2.4079144477844245,1
AEFES.IS,6,2026-02-04 00:00:00,MIDDLE,161.9634400000669,1.2884054754704315,21.0,21.0,no,no,63,3,0,29,29,False,2.507087230682373,1
AEFES.IS,6,2026-02-09 00:00:00,MIDDLE,130.59744065465887,0.680940178179385,15.0,15.0,no,no,63,4,0,29,29,False,2.79964680671692,1
AEFES.IS,6,2026-02-12 00:00:00,MIDDLE,127.59137786019959,0.0,4.0,4.0,no,no,63,5,0,29,29,False,3.0793140888214126,1
AEFES.IS,6,2026-02-13 00:00:00,MIDDLE,161.9353390900486,6.30137485001403,16.7,16.7,no,no,63,5,0,29,29,False,3.1819579124450676,1
AEFES.IS,7,2026-05-12 00:00:00,MIDDLE,161.38067848457163,5.068223583222756,3.0999999999999996,3.0999999999999996,no,no,63,4,3,28,28,False,0.10561904907226705,1
AKBNK.IS,2,2024-11-25 00:00:00,MIDDLE,179.23912146791204,4.6140940778615605,12.0,12.0,no,no,63,0,0,21,21,False,-6.975816345214845,-1
AKBNK.IS,2,2024-12-09 00:00:00,MIDDLE,133.3804339563813,0.22607615573256207,2.0,2.0,no,no,63,0,0,28,28,False,0.4051855087280245,1
AKBNK.IS,2,2025-01-20 00:00:00,MIDDLE,87.3884018879971,0.7445992556516113,3.0,3.0,no,no,63,5,0,28,28,False,11.907700538635254,1
AKBNK.IS,2,2025-01-21 00:00:00,MIDDLE,159.20065755503182,0.5835067522642815,8.0,8.0,no,no,63,5,0,28,28,False,11.890166282653809,1
AKBNK.IS,2,2025-01-22 00:00:00,ABOVE_UPPER,214.51934151478252,0.14367597171467889,1.0,1.0,no,no,63,5,0,28,28,False,11.895379257202144,1
AKBNK.IS,3,2025-01-23 00:00:00,MIDDLE,153.61524906338428,2.567864946173859,8.0,8.0,no,no,63,0,0,0,0,False,11.641842460632319,1
AKBNK.IS,3,2025-03-03 00:00:00,ABOVE_UPPER,315.73787321346936,1.369863013698635,19.0,19.0,no,no,63,0,0,0,0,False,1.3316608428955021,1
AKBNK.IS,3,2025-03-04 00:00:00,ABOVE_UPPER,254.63997828155362,3.257101073349511,3.0,3.0,no,no,63,0,0,0,0,False,1.713150978088379,1
AKBNK.IS,3,2025-03-05 00:00:00,ABOVE_UPPER,194.46209227654103,1.915190277101982,12.599999999999998,12.599999999999998,no,no,63,0,0,0,0,False,2.175204086303715,1
AKBNK.IS,3,2025-03-06 00:00:00,MIDDLE,158.01926394191656,1.42954466647656,12.0,12.0,no,no,63,0,0,0,0,False,2.506934738159181,1
AKBNK.IS,3,2025-03-13 00:00:00,MIDDLE,99.02565662757775,0.8689757619857491,15.0,15.0,no,no,63,1,0,0,0,False,4.855112457275396,1
AKBNK.IS,3,2025-03-14 00:00:00,MIDDLE,94.73068490975369,0.9345753457699646,17.0,17.0,no,no,63,1,0,0,0,False,5.101541137695314,1
AKBNK.IS,4,2025-06-03 00:00:00,ABOVE_UPPER,220.34557053299753,0.9883184581850936,25.8,10.0,YES,YES,63,3,2,0,0,False,-11.40052337646484,-1
AKBNK.IS,4,2025-06-04 00:00:00,ABOVE_UPPER,242.30780016307907,0.266899838336933,9.0,9.0,no,no,63,3,2,0,0,False,-10.131454849243163,-1
AKBNK.IS,4,2025-06-05 00:00:00,ABOVE_UPPER,207.99886952986208,0.26666937934028356,9.0,9.0,no,no,63,3,2,0,0,False,-8.846768760681151,-1
AKBNK.IS,4,2025-06-10 00:00:00,ABOVE_UPPER,263.2266688777138,0.6683400769874074,13.0,13.0,no,no,63,3,2,0,0,False,-7.386536598205566,-1
AKBNK.IS,4,2025-06-11 00:00:00,ABOVE_UPPER,228.1444451222555,1.1666679382324268,-3.0,-3.0,no,no,63,3,3,0,0,False,-5.805828666687013,-1
AKBNK.IS,4,2025-06-12 00:00:00,MIDDLE,165.30189501076796,2.5337885273780056,6.0,6.0,no,no,63,3,3,0,0,False,-4.438112831115724,-1
AKBNK.IS,5,2025-08-26 00:00:00,ABOVE_UPPER,161.0586791116296,0.7801456038203372,-11.0,-11.0,no,no,63,0,1,0,0,False,8.839199447631827,1
AKBNK.IS,6,2025-11-24 00:00:00,MIDDLE,121.771447601073,0.31796257522021265,4.0,4.0,no,no,63,1,0,7,7,False,-4.098636817932132,-1
AKBNK.IS,6,2025-11-25 00:00:00,MIDDLE,140.30968728934488,0.709774349230116,8.0,8.0,no,no,63,1,0,7,7,False,-3.488201522827154,-1
AKBNK.IS,6,2025-11-26 00:00:00,MIDDLE,138.73650313610335,0.629923662801428,6.0,6.0,no,no,63,1,0,7,7,False,-3.0860893249511747,-1
AKBNK.IS,6,2025-11-28 00:00:00,MIDDLE,141.85142385210526,0.23166258822998137,2.0,2.0,no,no,63,1,0,7,7,False,-2.8971452713012695,-1
AKBNK.IS,6,2025-12-01 00:00:00,ABOVE_UPPER,168.70068748578765,0.8301932856721652,3.0,3.0,no,no,63,1,0,7,7,False,-2.502300262451172,-1
AKBNK.IS,6,2025-12-02 00:00:00,MIDDLE,152.56900623341394,1.135504277991735,11.0,11.0,no,no,63,1,0,7,7,False,-2.107455253601074,-1
AKBNK.IS,6,2025-12-03 00:00:00,MIDDLE,150.56934631940325,2.173920005966258,8.099999999999998,8.099999999999998,no,no,63,1,0,7,7,False,-1.661740684509276,-1
AKBNK.IS,6,2025-12-09 00:00:00,MIDDLE,136.15955583707122,0.7215071091926424,17.0,17.0,no,no,63,1,0,8,8,False,0.8042247772216768,1
AKBNK.IS,6,2025-12-15 00:00:00,MIDDLE,127.59347507767434,0.0,4.0,4.0,no,no,63,2,0,8,8,False,5.278328704833989,1
AKBNK.IS,6,2025-12-17 00:00:00,MIDDLE,107.06372340883809,0.9900975870129209,-2.0,-2.0,no,no,63,2,1,8,8,False,7.21379642486572,1
AKBNK.IS,6,2025-12-18 00:00:00,MIDDLE,103.74380183234993,0.6324623170647705,2.0,2.0,no,no,63,2,1,8,8,False,8.032555198669428,1
AKBNK.IS,6,2025-12-19 00:00:00,MIDDLE,108.83516883741994,0.20890513942769562,2.0,2.0,no,no,63,2,1,8,8,False,8.812556076049809,1
AKBNK.IS,6,2025-12-22 00:00:00,MIDDLE,124.67015515222215,0.6172797514722128,2.0,2.0,no,no,63,2,1,8,8,False,9.374544334411617,1
AKBNK.IS,6,2026-01-02 00:00:00,ABOVE_UPPER,129.08394541069683,0.20408142403184631,9.8,9.8,no,no,63,4,2,8,8,False,11.646719741821286,1
AKBNK.IS,6,2026-01-05 00:00:00,MIDDLE,171.14197737488223,1.434430458378631,-5.0,-5.0,no,no,63,4,3,8,8,False,11.775104522705071,1
AKBNK.IS,6,2026-01-06 00:00:00,ABOVE_UPPER,179.71147221832854,0.8736579469730386,14.0,14.0,no,no,63,4,3,8,8,False,11.95435905456543,1
AKBNK.IS,6,2026-01-13 00:00:00,MIDDLE,110.4707672720445,0.9395884292568952,22.799999999999997,22.799999999999997,no,no,63,4,4,8,8,False,11.951936340332033,1
AKBNK.IS,6,2026-01-16 00:00:00,MIDDLE,108.46584756315703,0.9345753457699576,14.599999999999998,14.599999999999998,no,no,63,5,4,8,8,False,11.99796123504639,1
AKBNK.IS,6,2026-01-19 00:00:00,ABOVE_UPPER,169.87598260778958,0.4527793794351408,22.0,22.0,no,no,63,5,4,8,8,False,12.106967735290525,1
AKBNK.IS,6,2026-01-20 00:00:00,ABOVE_UPPER,185.95139411642478,1.2148396607553458,4.0,4.0,no,no,63,5,4,8,8,False,12.232929992675778,1
AKBNK.IS,6,2026-01-21 00:00:00,ABOVE_UPPER,191.09372803089738,0.0,6.0,6.0,no,no,63,5,4,8,8,False,12.395228385925293,1
AKBNK.IS,7,2026-01-28 00:00:00,ABOVE_UPPER,186.31070192340948,1.4731880052787982,14.8,14.8,no,no,63,1,0,0,0,False,13.809888267517081,1
AKBNK.IS,7,2026-01-29 00:00:00,ABOVE_UPPER,244.41318898497306,2.865171968267206,7.5,7.5,no,no,63,1,0,0,0,False,14.473615455627446,1
AKBNK.IS,7,2026-01-30 00:00:00,ABOVE_UPPER,236.64808457359194,0.0,16.0,16.0,no,no,63,1,0,0,0,False,15.321442031860357,1
AKBNK.IS,7,2026-02-02 00:00:00,MIDDLE,191.49910397220526,2.638814300614764,25.0,25.0,no,no,63,2,0,0,0,False,15.88585281372071,1
ASELS.IS,2,2024-11-01 00:00:00,ABOVE_UPPER,161.18562720953645,0.7047840068768477,3.0,3.0,no,no,63,0,0,0,0,False,1.5903692245483398,1
ASELS.IS,2,2024-11-04 00:00:00,MIDDLE,168.66231110719534,2.9921283872108693,10.0,10.0,no,no,63,1,0,0,0,False,1.7997596740722628,1
ASELS.IS,2,2024-11-05 00:00:00,ABOVE_UPPER,177.3994297492587,2.532619320390183,0.8999999999999986,0.8999999999999986,no,no,63,1,0,0,0,False,2.2035839080810575,1
ASELS.IS,2,2024-11-13 00:00:00,MIDDLE,127.76258576213357,0.2941131591796875,22.599999999999994,22.599999999999994,no,no,63,2,0,0,0,False,5.19736652374268,1
ASELS.IS,2,2024-11-25 00:00:00,MIDDLE,110.75077077345593,0.8495463744116596,6.0,6.0,no,no,63,2,0,0,0,False,7.4489526748657156,1
ASELS.IS,2,2024-11-28 00:00:00,MIDDLE,126.9165018452775,0.0,9.600000000000001,9.600000000000001,no,no,63,2,1,0,0,False,8.632360267639157,1
ASELS.IS,2,2024-12-06 00:00:00,MIDDLE,132.6516071048933,0.8427066630124609,2.0,2.0,no,no,63,4,2,0,0,False,9.77855911254882,1
ASELS.IS,2,2024-12-09 00:00:00,MIDDLE,98.23196488908464,0.7719426662111953,1.0,1.0,no,no,63,4,2,0,0,False,10.168250656127938,1
ASELS.IS,2,2024-12-24 00:00:00,ABOVE_UPPER,183.21683929257082,1.1011636690445377,-4.0,-4.0,no,no,63,5,3,0,0,False,11.805238723754883,1
ASELS.IS,2,2024-12-25 00:00:00,ABOVE_UPPER,234.93170354890844,0.0,12.0,12.0,no,no,63,5,3,0,0,False,11.93033237457275,1
ASELS.IS,2,2024-12-26 00:00:00,ABOVE_UPPER,214.06911923908328,0.3360214984848315,2.0,2.0,no,no,63,5,3,0,0,False,11.910737037658699,1
ASELS.IS,2,2024-12-27 00:00:00,MIDDLE,173.1588786702381,1.2846580349443903,3.0,3.0,no,no,63,6,3,0,0,False,11.83382873535156,1
ASELS.IS,2,2025-01-03 00:00:00,MIDDLE,121.85691648375894,0.6680026856284674,8.0,8.0,no,no,63,7,3,0,0,False,11.428519248962395,1
ASELS.IS,2,2025-01-06 00:00:00,MIDDLE,128.67140915898162,0.3973550354408143,17.0,17.0,no,no,63,7,3,0,0,False,11.216986465454106,1
ASELS.IS,2,2025-01-07 00:00:00,ABOVE_UPPER,156.51275459102717,1.3583381383054136,1.5,1.5,no,no,63,7,3,0,0,False,11.035509681701662,1
ASELS.IS,2,2025-01-09 00:00:00,MIDDLE,140.63185385376664,0.3196931071051947,17.0,17.0,no,no,63,7,3,0,0,False,10.630374526977533,1
ASELS.IS,2,2025-01-16 00:00:00,MIDDLE,113.64572457846907,0.3738355785143986,0.5999999999999979,0.5999999999999979,no,no,63,9,3,0,0,False,10.769019508361822,1
ASELS.IS,2,2025-01-20 00:00:00,MIDDLE,142.00021699393233,0.06072016112244025,2.0,2.0,no,no,63,9,3,0,0,False,11.219645500183105,1
ASELS.IS,2,2025-01-22 00:00:00,MIDDLE,108.94616992643383,0.5487751483459707,15.0,15.0,no,no,63,10,3,0,0,False,11.332119178771975,1
ASELS.IS,3,2025-01-23 00:00:00,MIDDLE,140.2478360431661,0.17845793103899668,23.0,23.0,no,no,63,0,0,0,0,False,11.484404182434076,1
ASELS.IS,3,2025-01-24 00:00:00,MIDDLE,156.13123546869616,0.4697610319564514,21.0,21.0,no,no,63,0,0,0,0,False,11.551850318908691,1
ASELS.IS,3,2025-01-27 00:00:00,MIDDLE,161.0570611302136,1.339547520464504,14.899999999999999,14.899999999999999,no,no,63,0,0,0,0,False,11.861243438720706,1
ASELS.IS,3,2025-01-28 00:00:00,ABOVE_UPPER,182.42239952793017,0.3346295786472216,14.8,14.8,no,no,63,0,0,0,0,False,12.342946243286136,1
ASELS.IS,3,2025-01-29 00:00:00,MIDDLE,168.4345036406775,2.7210902595464708,25.0,25.0,no,no,63,0,0,0,0,False,12.869456863403315,1
ASELS.IS,3,2025-02-27 00:00:00,MIDDLE,111.56636274465376,0.3888871934678784,47.0,10.0,YES,YES,63,2,1,0,0,False,12.743761825561535,1
ASELS.IS,3,2025-02-28 00:00:00,ABOVE_UPPER,192.45808250492286,0.9095838750924815,12.0,12.0,no,no,63,2,1,0,0,False,12.788704681396496,1
ASELS.IS,3,2025-03-03 00:00:00,ABOVE_UPPER,245.14845148989164,1.529831670895707,2.299999999999997,2.299999999999997,no,no,63,2,1,0,0,False,13.063354873657218,1
ASELS.IS,3,2025-03-04 00:00:00,ABOVE_UPPER,244.75461749874543,0.19666134084399992,14.8,14.8,no,no,63,2,1,0,0,False,13.425393295288089,1
ASELS.IS,3,2025-03-05 00:00:00,ABOVE_UPPER,227.66096043352232,0.5692585061052241,7.199999999999999,7.199999999999999,no,no,63,2,1,0,0,False,14.104528045654305,1
ASELS.IS,3,2025-03-06 00:00:00,ABOVE_UPPER,219.75605814242627,0.0,18.0,18.0,no,no,63,2,1,0,0,False,14.970924758911138,1
ASELS.IS,3,2025-03-07 00:00:00,MIDDLE,169.47039381066617,5.360446594589336,23.0,23.0,no,no,63,3,1,0,0,False,15.637575149536133,1
ASELS.IS,3,2025-03-17 00:00:00,MIDDLE,110.55437284440438,0.16434230291868857,21.0,21.0,no,no,63,3,1,0,0,False,23.287827301025388,1
ASELS.IS,3,2025-03-18 00:00:00,MIDDLE,110.20129464344234,0.48622242034191765,21.0,21.0,no,no,63,3,1,0,0,False,24.825867843627933,1
ASELS.IS,3,2025-04-10 00:00:00,MIDDLE,191.26563458223814,2.1121025638214665,3.8000000000000007,3.8000000000000007,no,no,63,8,1,0,0,False,33.02791976928711,1
ASELS.IS,3,2025-04-17 00:00:00,ABOVE_UPPER,316.27984156783714,3.7354109352200906,9.2,9.2,no,no,63,9,1,0,0,False,33.589703750610354,1
ASELS.IS,3,2025-04-18 00:00:00,ABOVE_UPPER,267.0878483976285,2.6174081905220397,7.199999999999999,7.199999999999999,no,no,63,9,1,0,0,False,34.37869758605957,1
ASELS.IS,3,2025-04-21 00:00:00,MIDDLE,195.4493683840083,4.222050062115526,11.0,11.0,no,no,63,9,1,0,0,False,34.89553947448731,1
ASELS.IS,3,2025-04-22 00:00:00,ABOVE_UPPER,194.6556421453822,1.214888645991234,2.0,2.0,no,no,63,9,1,0,0,False,36.074037933349615,1
ASELS.IS,3,2025-04-24 00:00:00,ABOVE_UPPER,183.73324513292778,0.22305059610245584,12.0,12.0,no,no,63,9,1,0,0,False,36.883006668090815,1
ASELS.IS,4,2025-04-25 00:00:00,ABOVE_UPPER,157.98937238037902,0.5173665428332647,12.0,12.0,no,no,63,0,0,0,0,False,38.20382423400878,1
ASELS.IS,4,2025-04-28 00:00:00,ABOVE_UPPER,162.90595840063102,1.9480496604203985,14.0,14.0,no,no,63,0,0,0,0,False,39.44224700927734,1
ASELS.IS,4,2025-05-08 00:00:00,ABOVE_UPPER,204.45835913588348,0.19404125557918026,16.0,16.0,no,no,63,1,0,0,0,False,41.72933273315431,1
ASELS.IS,4,2025-05-09 00:00:00,MIDDLE,179.38188390493957,4.423596674606624,4.5,4.5,no,no,63,1,0,0,0,False,41.89661979675293,1
ASELS.IS,4,2025-06-12 00:00:00,ABOVE_UPPER,190.45087724223285,2.418797563107006,23.300000000000004,23.300000000000004,no,no,63,9,0,0,0,False,18.091949462890625,1
ASELS.IS,4,2025-06-13 00:00:00,MIDDLE,155.9925436171664,6.5017646277329835,10.0,10.0,no,no,63,10,0,0,0,False,18.161860275268538,1
ASELS.IS,4,2025-06-30 00:00:00,MIDDLE,120.94073882173828,0.7294368849243408,12.2,12.2,no,no,63,13,0,0,0,False,16.46402320861816,1
ASELS.IS,4,2025-07-08 00:00:00,MIDDLE,148.6102814964611,0.8541413126308448,4.0,4.0,no,no,63,14,0,0,0,False,15.275537490844727,1
ASELS.IS,4,2025-07-11 00:00:00,MIDDLE,129.9263321524395,0.5194825011414355,12.0,12.0,no,no,63,15,0,0,0,False,13.362973403930653,1
ASELS.IS,4,2025-07-14 00:00:00,MIDDLE,135.56560262367447,0.964630225080383,14.0,14.0,no,no,63,15,0,0,0,False,13.258106613159185,1
ASELS.IS,4,2025-07-16 00:00:00,ABOVE_UPPER,217.57551789854296,2.2881861583624437,22.9,22.9,no,no,63,15,0,0,0,False,13.07334213256837,1
ASELS.IS,4,2025-07-17 00:00:00,ABOVE_UPPER,220.30570993128535,2.655962454518157,22.0,22.0,no,no,63,15,0,0,0,False,13.223149490356434,1
ASELS.IS,4,2025-07-18 00:00:00,ABOVE_UPPER,217.5231713775441,1.624546930095922,1.5999999999999979,1.5999999999999979,no,no,63,15,0,0,0,False,14.136984634399397,1
ASELS.IS,4,2025-07-21 00:00:00,ABOVE_UPPER,245.56348143982663,0.05655590667455568,16.0,16.0,no,no,63,15,0,0,0,False,15.505241012573237,1
ASELS.IS,4,2025-07-22 00:00:00,ABOVE_UPPER,210.36117947790908,1.0764837940421421,12.0,12.0,no,no,63,15,0,0,0,False,16.51894912719726,1
ASELS.IS,4,2025-07-23 00:00:00,ABOVE_UPPER,189.03564055095197,0.9439183179511389,14.0,14.0,no,no,63,15,0,0,0,False,18.16684951782227,1
ASELS.IS,4,2025-07-24 00:00:00,ABOVE_UPPER,170.67389583276648,2.7929850351896444,24.0,24.0,no,no,63,15,0,0,0,False,19.7847885131836,1
ASELS.IS,5,2025-07-31 00:00:00,MIDDLE,98.29716724959891,0.3743304171426143,7.800000000000001,7.800000000000001,no,no,63,0,0,0,0,False,29.362585449218756,1
ASELS.IS,5,2025-08-04 00:00:00,MIDDLE,90.16997857248955,0.10609983257771416,1.8000000000000007,1.8000000000000007,no,no,63,0,0,0,0,False,33.19769859313965,1
ASELS.IS,5,2025-09-16 00:00:00,ABOVE_UPPER,218.22312969789147,0.6659851803699076,29.200000000000003,10.0,YES,YES,63,1,2,0,0,False,25.817106628417974,1
ASELS.IS,5,2025-09-17 00:00:00,ABOVE_UPPER,230.76743910475363,2.6790297705961743,13.0,13.0,no,no,63,1,2,0,0,False,24.573690795898415,1
ASELS.IS,5,2025-09-18 00:00:00,MIDDLE,163.84001693000477,3.694067392027806,11.899999999999999,11.899999999999999,no,no,63,1,2,0,0,False,23.460108947753895,1
ASELS.IS,5,2025-09-19 00:00:00,ABOVE_UPPER,197.36689951579373,0.0,19.6,19.6,no,no,63,1,2,0,0,False,22.461381530761713,1
ASELS.IS,5,2025-09-22 00:00:00,ABOVE_UPPER,247.03368624076234,2.153553704721015,13.0,13.0,no,no,63,1,2,0,0,False,22.391471099853504,1
ASELS.IS,5,2025-09-23 00:00:00,ABOVE_UPPER,186.1914405100649,3.3143950846240293,18.0,18.0,no,no,63,1,2,0,0,False,22.25164947509765,1
ASELS.IS,5,2025-09-24 00:00:00,ABOVE_UPPER,162.38254904704823,0.32183600831317544,1.5999999999999979,1.5999999999999979,no,no,63,1,2,0,0,False,22.366502380371088,1
ASELS.IS,5,2025-09-25 00:00:00,MIDDLE,151.4078706893411,1.1452129936101023,21.0,21.0,no,no,63,1,2,0,0,False,22.021942138671875,1
ASELS.IS,6,2026-01-06 00:00:00,ABOVE_UPPER,190.8820483606805,0.38910505836575876,19.0,19.0,no,no,63,8,0,25,25,False,16.722190856933594,1
ASELS.IS,6,2026-01-07 00:00:00,ABOVE_UPPER,220.84011416151094,2.4667931688804554,22.0,22.0,no,no,63,8,0,25,25,False,21.42511749267578,1
ASELS.IS,6,2026-01-08 00:00:00,ABOVE_UPPER,188.4699293103018,2.759276879162702,18.0,18.0,no,no,63,8,0,25,25,False,25.690809631347662,1
ASELS.IS,6,2026-01-09 00:00:00,ABOVE_UPPER,193.1274660256555,0.0,18.0,18.0,no,no,63,8,0,25,25,False,30.92892074584961,1
ASELS.IS,6,2026-01-12 00:00:00,ABOVE_UPPER,191.77742756470445,4.151943462897526,7.5,7.5,no,no,63,8,0,25,25,False,36.27713928222656,1
ASELS.IS,6,2026-01-13 00:00:00,MIDDLE,162.114234470702,1.7256255392579811,17.8,17.8,no,no,63,8,0,25,25,False,40.48421859741211,1
ASELS.IS,6,2026-01-15 00:00:00,MIDDLE,137.23384574939135,0.6611570247933884,23.0,23.0,no,no,63,8,0,25,25,False,51.341864776611345,1
ASELS.IS,6,2026-01-20 00:00:00,ABOVE_UPPER,150.95867993220844,0.4454342984409799,14.8,14.8,no,no,63,8,0,25,25,False,71.22778625488283,1
ASELS.IS,7,2026-02-27 00:00:00,ABOVE_UPPER,153.1607128586267,0.8540372670807453,15.2,15.2,no,no,63,12,0,0,0,False,89.15000076293947,1
ASELS.IS,7,2026-03-02 00:00:00,ABOVE_UPPER,251.21232290577157,2.0588235294117645,12.0,12.0,no,no,63,12,0,0,0,False,88.58500061035156,1
ASELS.IS,7,2026-03-03 00:00:00,MIDDLE,158.52995852995838,7.6803723816912335,2.5,2.5,no,no,63,12,0,0,0,False,86.69500045776365,1
ASELS.IS,7,2026-03-04 00:00:00,MIDDLE,152.2543653896272,4.2042042042042045,19.8,19.8,no,no,63,12,0,0,0,False,85.14500045776367,1
ASELS.IS,7,2026-03-05 00:00:00,ABOVE_UPPER,186.6066349563682,1.4492753623188406,6.0,6.0,no,no,63,12,0,0,0,False,85.29750061035156,1
ASELS.IS,7,2026-03-23 00:00:00,MIDDLE,133.28979236400258,0.9200283085633405,20.6,20.6,no,no,63,14,0,0,0,False,55.27499999999998,1
ASELS.IS,7,2026-04-08 00:00:00,ABOVE_UPPER,156.87254314078223,1.173222912353347,30.0,10.0,YES,YES,63,14,1,0,0,False,31.787499999999966,1
ASELS.IS,7,2026-04-09 00:00:00,ABOVE_UPPER,226.63020556984088,0.5972130059721301,-1.0,-1.0,no,no,63,14,2,0,0,False,33.537499999999966,1
ASELS.IS,7,2026-04-10 00:00:00,ABOVE_UPPER,262.77577606820967,0.2509410288582183,4.0,4.0,no,no,63,14,2,0,0,False,37.01249999999999,1
ASELS.IS,7,2026-04-13 00:00:00,ABOVE_UPPER,267.67111201601676,3.3112582781456954,10.299999999999997,10.299999999999997,no,no,63,14,2,0,0,False,42.01249999999999,1
ASELS.IS,7,2026-04-14 00:00:00,ABOVE_UPPER,218.48505131637646,4.189435336976321,22.0,22.0,no,no,63,14,2,0,0,False,47.549999999999955,1
ASELS.IS,7,2026-04-15 00:00:00,MIDDLE,174.53999511190253,2.9394121175764845,6.599999999999998,6.599999999999998,no,no,63,14,2,0,0,False,53.462500000000034,1
ASTOR.IS,1,2024-07-26 00:00:00,MIDDLE,164.4403839310193,1.4242053438668096,12.0,12.0,no,no,63,0,0,0,0,False,-10.173939132690435,-1
ASTOR.IS,1,2024-07-29 00:00:00,MIDDLE,164.30819639157522,2.978290618225116,0.5,0.5,no,no,63,0,0,0,0,False,-10.317473983764643,-1
ASTOR.IS,1,2024-09-06 00:00:00,ABOVE_UPPER,166.77217366064625,2.8554077572954295,14.2,14.2,no,no,63,2,3,0,0,False,-16.78269386291504,-1
ASTOR.IS,1,2024-09-09 00:00:00,ABOVE_UPPER,216.48834468170352,2.395209580838319,7.0,7.0,no,no,63,2,3,0,0,False,-16.566425704956046,-1
ASTOR.IS,2,2024-10-25 00:00:00,ABOVE_UPPER,142.57241586776988,2.5193737859056875,13.0,13.0,no,no,63,0,0,0,0,False,-6.693722152709952,-1
ASTOR.IS,2,2024-10-28 00:00:00,ABOVE_UPPER,212.65169584036784,1.5075434681407156,-4.0,-4.0,no,no,63,0,1,0,0,False,-5.951345062255854,-1
ASTOR.IS,2,2024-10-30 00:00:00,ABOVE_UPPER,207.8582839021994,2.777783664656503,10.0,10.0,no,no,63,1,1,0,0,False,-5.396412658691418,-1
ASTOR.IS,2,2024-10-31 00:00:00,MIDDLE,153.45920349272464,4.358975633314768,3.0,3.0,no,no,63,2,1,0,0,False,-4.730493545532227,-1
ASTOR.IS,2,2024-11-01 00:00:00,MIDDLE,153.44799680448142,1.9112245140823536,2.599999999999998,2.599999999999998,no,no,63,2,1,0,0,False,-4.002915191650402,-1
ASTOR.IS,2,2024-11-06 00:00:00,ABOVE_UPPER,156.58094408298473,2.1142839704241077,25.0,25.0,no,no,63,2,2,0,0,False,-2.4688346862793082,-1
ASTOR.IS,2,2024-11-07 00:00:00,MIDDLE,162.0527828386412,3.605630364216539,1.0999999999999979,1.0999999999999979,no,no,63,2,2,0,0,False,-1.7634532928466768,-1
ASTOR.IS,2,2024-11-08 00:00:00,MIDDLE,153.8764789209153,0.9836082250042758,1.8000000000000007,1.8000000000000007,no,no,63,2,2,0,0,False,-0.8632289886474638,-1
ASTOR.IS,2,2024-12-16 00:00:00,MIDDLE,182.4407141759574,4.761904761904772,11.3,11.3,no,no,63,2,2,25,25,False,24.641481399536133,1
ASTOR.IS,2,2024-12-25 00:00:00,MIDDLE,121.97225034399789,0.3590677921005089,1.8000000000000007,1.8000000000000007,no,no,63,2,2,25,25,False,29.1820655822754,1
ASTOR.IS,2,2024-12-26 00:00:00,MIDDLE,126.35145588299278,0.17777506510417077,23.0,23.0,no,no,63,2,2,25,25,False,29.87511558532715,1
ASTOR.IS,2,2024-12-27 00:00:00,MIDDLE,150.05713467299068,0.5203802760107036,17.0,17.0,no,no,63,2,2,25,25,False,30.400452804565433,1
ASTOR.IS,2,2024-12-30 00:00:00,MIDDLE,149.10486350993745,0.6055403000662011,21.0,21.0,no,no,63,2,2,25,25,False,31.00471305847168,1
ASTOR.IS,2,2025-01-02 00:00:00,MIDDLE,144.26450849657155,0.0,6.599999999999998,6.599999999999998,no,no,63,2,2,25,25,False,31.912336349487305,1
ASTOR.IS,2,2025-01-03 00:00:00,MIDDLE,160.9843285306872,0.8291874068427766,21.0,21.0,no,no,63,2,2,25,25,False,32.36121520996093,1
ASTOR.IS,2,2025-01-06 00:00:00,MIDDLE,158.81250392230882,0.6509319873318549,21.0,21.0,no,no,63,2,2,25,25,False,32.72870407104493,1
ASTOR.IS,2,2025-01-15 00:00:00,MIDDLE,85.46599343701995,0.7328960973836196,1.0,1.0,no,no,63,4,2,25,25,False,29.542156982421872,1
ASTOR.IS,2,2025-01-20 00:00:00,MIDDLE,97.08879410985095,0.40160914941496323,-16.0,-16.0,no,no,63,4,5,25,25,False,28.760318374633798,1
ASTOR.IS,3,2025-01-23 00:00:00,MIDDLE,89.26871660558906,0.8878163446552656,2.0,2.0,no,no,63,0,0,0,0,False,28.10426445007323,1
ASTOR.IS,3,2025-01-24 00:00:00,ABOVE_UPPER,162.56682975675884,0.78125,-2.0,-2.0,no,no,63,0,1,0,0,False,28.197986602783203,1
ASTOR.IS,3,2025-01-27 00:00:00,MIDDLE,187.53024667392302,2.031254768371582,5.0,5.0,no,no,63,1,1,0,0,False,28.15359191894531,1
ASTOR.IS,4,2025-07-25 00:00:00,ABOVE_UPPER,194.85863426970192,0.8771944827132842,1.0,1.0,no,no,63,4,5,17,17,False,-3.7168163299560604,-1
ASTOR.IS,4,2025-07-28 00:00:00,ABOVE_UPPER,207.05723211183727,1.4464802740048899,1.0,1.0,no,no,63,4,5,17,17,False,-2.5650222778320284,-1
ASTOR.IS,4,2025-07-29 00:00:00,MIDDLE,155.83172895720955,2.0368556988322823,6.0,6.0,no,no,63,4,5,17,17,False,-1.7042594909667912,-1
ASTOR.IS,5,2025-08-19 00:00:00,ABOVE_UPPER,161.43185160557837,0.7718709585392131,19.0,19.0,no,no,63,0,0,13,13,False,14.403766632080078,1
ASTOR.IS,5,2025-08-20 00:00:00,MIDDLE,154.75358997388943,1.3781210121873828,6.0,6.0,no,no,63,0,0,13,13,False,15.668182373046875,1
ASTOR.IS,5,2025-08-21 00:00:00,MIDDLE,156.84435677241137,1.1035614504968239,2.0,2.0,no,no,63,0,0,13,13,False,16.874549484252924,1
ASTOR.IS,6,2025-11-06 00:00:00,MIDDLE,152.8105484509396,0.6876197713729837,6.0,6.0,no,no,63,0,0,6,6,False,-19.254676818847656,-1
ASTOR.IS,6,2025-12-04 00:00:00,MIDDLE,161.04264089241636,3.975536785464611,12.0,12.0,no,no,63,2,4,6,6,False,-10.495000839233398,-1
ASTOR.IS,6,2025-12-05 00:00:00,ABOVE_UPPER,186.86565880609214,0.9562200223729023,13.0,13.0,no,no,63,2,4,6,6,False,-9.375001144409183,-1
ASTOR.IS,6,2025-12-08 00:00:00,ABOVE_UPPER,227.07657389703613,0.19175162261782586,19.0,19.0,no,no,63,2,4,6,6,False,-7.575000762939453,-1
ASTOR.IS,6,2025-12-09 00:00:00,MIDDLE,177.45896897211588,2.450980392156863,6.0,6.0,no,no,63,2,4,6,6,False,-5.605000686645511,-1
ASTOR.IS,6,2026-01-08 00:00:00,ABOVE_UPPER,136.66393252118996,1.1272154269555483,29.599999999999994,10.0,YES,YES,63,3,4,13,13,False,17.762501144409185,1
ASTOR.IS,6,2026-01-09 00:00:00,ABOVE_UPPER,216.1543477057917,0.7763974971321651,4.0,4.0,no,no,63,3,4,13,13,False,19.01500129699707,1
ASTOR.IS,6,2026-01-12 00:00:00,ABOVE_UPPER,291.3899971416026,0.663234469796424,16.0,16.0,no,no,63,3,4,13,13,False,20.717500686645508,1
ASTOR.IS,6,2026-01-13 00:00:00,ABOVE_UPPER,274.1811593040079,0.8504584665728718,14.0,14.0,no,no,63,3,4,13,13,False,22.345000839233407,1
ASTOR.IS,6,2026-01-14 00:00:00,ABOVE_UPPER,244.00475590443514,1.0966457645302061,18.0,18.0,no,no,63,3,4,13,13,False,24.310000610351565,1
ASTOR.IS,6,2026-01-15 00:00:00,ABOVE_UPPER,210.78559919421713,0.3976183749399103,16.0,16.0,no,no,63,3,4,13,13,False,26.562500381469732,1
ASTOR.IS,6,2026-01-16 00:00:00,ABOVE_UPPER,190.9205773475055,1.9392372716101003,16.0,16.0,no,no,63,3,4,13,13,False,28.762500000000003,1
ASTOR.IS,6,2026-01-19 00:00:00,ABOVE_UPPER,174.74335997682672,1.4420081829202587,16.0,16.0,no,no,63,3,4,13,13,False,31.21000022888184,1
ASTOR.IS,7,2026-02-11 00:00:00,ABOVE_UPPER,179.2476494129397,0.0,-6.0,-6.0,no,no,63,1,2,0,0,False,59.907499694824224,1
ASTOR.IS,7,2026-02-12 00:00:00,ABOVE_UPPER,263.1386889011527,1.4380480093146129,3.0,3.0,no,no,63,1,2,0,0,False,60.69249992370605,1
ASTOR.IS,7,2026-02-13 00:00:00,ABOVE_UPPER,248.16386531957886,3.958225645201853,10.0,10.0,no,no,63,1,2,0,0,False,61.207499694824236,1
ASTOR.IS,7,2026-02-16 00:00:00,MIDDLE,165.514681282492,6.775832629269337,0.10000000000000142,0.10000000000000142,no,no,63,1,2,0,0,False,61.19249992370605,1
ASTOR.IS,7,2026-02-18 00:00:00,ABOVE_UPPER,164.16629112501099,2.8907889765869896,30.799999999999997,10.0,YES,YES,63,1,2,0,0,False,62.29250068664551,1
ASTOR.IS,7,2026-02-23 00:00:00,MIDDLE,132.55005987972226,0.935552551382229,2.599999999999998,2.599999999999998,no,no,63,1,2,0,0,False,62.85500068664551,1
ASTOR.IS,7,2026-02-24 00:00:00,MIDDLE,125.39136393246501,0.6176000665952286,17.0,17.0,no,no,63,1,2,0,0,False,63.51500053405762,1
ASTOR.IS,7,2026-03-12 00:00:00,MIDDLE,155.41476358020057,2.7067638578869047,5.100000000000001,5.100000000000001,no,no,63,3,3,0,0,False,62.255000305175784,1
ASTOR.IS,7,2026-03-25 00:00:00,ABOVE_UPPER,177.59821141458974,0.8126180559470949,28.200000000000003,10.0,YES,YES,63,3,4,0,0,False,47.634999847412104,1
ASTOR.IS,7,2026-03-26 00:00:00,MIDDLE,158.28081343668828,5.216538515114048,15.0,15.0,no,no,63,3,4,0,0,False,46.06999969482422,1
ASTOR.IS,7,2026-04-24 00:00:00,ABOVE_UPPER,175.59265182572625,1.580135440180587,22.6,22.6,no,no,63,5,4,0,0,False,31.52999801635741,1
BIMAS.IS,1,2024-07-31 00:00:00,MIDDLE,82.1279610740818,0.8793110829157266,11.0,11.0,no,no,63,1,0,0,0,False,63.1335403442383,1
BIMAS.IS,3,2025-01-29 00:00:00,ABOVE_UPPER,164.29272345915808,1.555352241537051,14.2,14.2,no,no,63,0,0,0,0,False,24.114459991455078,1
BIMAS.IS,3,2025-01-30 00:00:00,ABOVE_UPPER,216.02198830963883,0.8144796380090351,10.0,10.0,no,no,63,0,0,0,0,False,24.29909439086913,1
BIMAS.IS,3,2025-01-31 00:00:00,MIDDLE,182.1503295465255,1.4545454545454537,16.0,16.0,no,no,63,0,0,0,0,False,24.21234436035155,1
BIMAS.IS,3,2025-02-07 00:00:00,MIDDLE,130.65110112319883,0.08904719501334707,3.0,3.0,no,no,63,0,0,0,0,False,20.343736267089866,1
BIMAS.IS,3,2025-02-11 00:00:00,MIDDLE,102.38339616658551,0.17761989342806858,6.600000000000001,6.600000000000001,no,no,63,0,0,0,0,False,19.352285003662132,1
BIMAS.IS,3,2025-02-13 00:00:00,ABOVE_UPPER,141.16518714912976,0.25884383088870944,1.5999999999999979,1.5999999999999979,no,no,63,1,0,0,0,False,19.195635986328142,1
BIMAS.IS,5,2025-09-22 00:00:00,MIDDLE,140.60465059423848,0.738007380073812,6.0,6.0,no,no,63,3,1,11,11,False,8.003204345703125,1
BIMAS.IS,5,2025-10-01 00:00:00,ABOVE_UPPER,154.87285787685823,1.585903083700433,4.199999999999999,4.199999999999999,no,no,63,7,1,11,11,False,6.626914978027344,1
BIMAS.IS,5,2025-10-02 00:00:00,MIDDLE,154.9412798819316,1.6754891749528087,12.0,12.0,no,no,63,7,1,11,11,False,7.0881210327148665,1
BIMAS.IS,6,2025-10-24 00:00:00,ABOVE_UPPER,134.89729917682916,1.2942191544434922,17.0,17.0,no,no,63,0,0,0,0,False,12.2014366149902,1
BIMAS.IS,6,2026-01-09 00:00:00,ABOVE_UPPER,221.93125639030424,0.0,-3.0,-3.0,no,no,63,0,1,16,16,False,7.146766662597656,1
BIMAS.IS,6,2026-01-12 00:00:00,ABOVE_UPPER,228.23790027216836,2.1001615508885187,9.0,9.0,no,no,63,0,1,16,16,False,8.68774871826173,1
BIMAS.IS,6,2026-01-13 00:00:00,ABOVE_UPPER,227.90456345875555,1.8662519440124374,2.099999999999998,2.099999999999998,no,no,63,0,1,16,16,False,10.221672058105469,1
BIMAS.IS,6,2026-01-14 00:00:00,MIDDLE,165.67740174319812,5.470635559131138,5.100000000000001,5.100000000000001,no,no,63,0,1,16,16,False,11.565994262695312,1
BIMAS.IS,7,2026-01-29 00:00:00,MIDDLE,138.64977916449888,0.6666666666666637,28.200000000000003,10.0,YES,YES,63,0,0,0,0,False,36.22154846191404,1
BIMAS.IS,7,2026-02-03 00:00:00,ABOVE_UPPER,201.63289185130859,2.1945866861741044,18.8,18.8,no,no,63,0,0,0,0,False,46.79814529418945,1
BIMAS.IS,7,2026-02-04 00:00:00,MIDDLE,181.44275327881581,1.4524377519804181,2.0,2.0,no,no,63,0,0,0,0,False,50.03737411499026,1
BIMAS.IS,7,2026-02-09 00:00:00,MIDDLE,144.84149055974024,0.63920454545455,19.0,19.0,no,no,63,1,0,0,0,False,56.53803634643555,1
BIMAS.IS,7,2026-02-13 00:00:00,MIDDLE,104.02390984515397,0.9187279151943513,15.0,15.0,no,no,63,2,0,0,0,False,61.81679763793943,1
BIMAS.IS,7,2026-04-08 00:00:00,ABOVE_UPPER,252.08320104825518,1.7894012388162441,25.799999999999997,10.0,YES,YES,63,3,2,0,0,False,19.486009216308616,1
BIMAS.IS,7,2026-04-09 00:00:00,ABOVE_UPPER,245.54020564864834,0.9472259810554795,-3.0,-3.0,no,no,63,3,3,0,0,False,18.690153503418003,1
BIMAS.IS,7,2026-04-10 00:00:00,ABOVE_UPPER,235.42954994144318,0.06657789613848182,-1.0,-1.0,no,no,63,3,4,0,0,False,17.832121276855446,1
BIMAS.IS,7,2026-04-13 00:00:00,MIDDLE,171.91665371050973,1.008058227407345,4.0,4.0,no,no,63,4,4,0,0,False,17.247665405273438,1
BIMAS.IS,7,2026-04-14 00:00:00,MIDDLE,176.22895135771412,1.5292553191489322,0.8999999999999986,0.8999999999999986,no,no,63,4,4,0,0,False,16.601033020019543,1
BIMAS.IS,7,2026-04-17 00:00:00,MIDDLE,114.90342824739633,0.7189542483660116,1.5999999999999979,1.5999999999999979,no,no,63,4,4,0,0,False,15.85491943359375,1
BIMAS.IS,7,2026-04-22 00:00:00,MIDDLE,87.89201692967917,0.9829619921363044,4.599999999999998,4.599999999999998,no,no,63,4,4,0,0,False,16.30259094238278,1
BIMAS.IS,8,2026-04-23 00:00:00,MIDDLE,83.05019020091625,0.9829619921363044,2.0,2.0,no,no,63,0,0,0,0,False,17.38445587158202,1
BIMAS.IS,8,2026-05-06 00:00:00,ABOVE_UPPER,158.07786595035452,0.5121638924455735,-5.0,-5.0,no,no,63,1,1,0,0,False,35.838340759277344,1
BIMAS.IS,8,2026-05-07 00:00:00,ABOVE_UPPER,198.5555048752601,0.7653061224489719,6.0,6.0,no,no,63,1,1,0,0,False,37.0445587158203,1
BIMAS.IS,8,2026-05-08 00:00:00,ABOVE_UPPER,197.09320417184833,1.582278481012653,-3.0,-3.0,no,no,63,1,2,0,0,False,37.840415954589844,1
BIMAS.IS,8,2026-05-12 00:00:00,MIDDLE,151.48257915068095,3.905249679897558,15.899999999999999,15.899999999999999,no,no,63,2,2,0,0,False,40.15336761474606,1
BIMAS.IS,8,2026-05-13 00:00:00,ABOVE_UPPER,179.73254690758816,0.18450184501845096,23.799999999999997,23.799999999999997,no,no,63,2,2,0,0,False,41.91916961669921,1
BIMAS.IS,8,2026-05-14 00:00:00,ABOVE_UPPER,221.93241461477965,2.6570048309178733,2.0,2.0,no,no,63,2,2,0,0,False,44.70466156005858,1
DSTKF.IS,1,2026-02-16 00:00:00,MIDDLE,149.11895883600204,0.6075949367088608,19.0,19.0,no,no,63,0,0,0,0,False,137.95000000000005,1
DSTKF.IS,1,2026-02-17 00:00:00,ABOVE_UPPER,195.6764627439109,0.5555555555555556,14.0,14.0,no,no,63,0,0,0,0,False,172.25,1
DSTKF.IS,1,2026-02-18 00:00:00,ABOVE_UPPER,227.91073512834086,1.8197573656845754,16.0,16.0,no,no,63,0,0,0,0,False,210.70000000000005,1
DSTKF.IS,1,2026-02-19 00:00:00,ABOVE_UPPER,210.38032566182702,3.9383561643835616,22.0,22.0,no,no,63,0,0,0,0,False,251.82500000000005,1
DSTKF.IS,1,2026-02-20 00:00:00,ABOVE_UPPER,199.4958588404753,0.0,12.0,12.0,no,no,63,0,0,0,0,False,295.125,1
DSTKF.IS,1,2026-02-23 00:00:00,ABOVE_UPPER,213.490956805739,0.0,14.0,14.0,no,no,63,0,0,0,0,False,344.2249999999999,1
DSTKF.IS,1,2026-02-24 00:00:00,ABOVE_UPPER,204.82025006743956,2.9589778076664426,7.5,7.5,no,no,63,0,0,0,0,False,395.975,1
DSTKF.IS,1,2026-03-04 00:00:00,MIDDLE,112.9491774653065,0.6832298136645962,6.0,6.0,no,no,63,1,0,0,0,False,613.3000000000001,1
DSTKF.IS,1,2026-03-05 00:00:00,MIDDLE,119.3113241036564,0.8965929468021518,21.0,21.0,no,no,63,1,0,0,0,False,647.5249999999999,1
DSTKF.IS,1,2026-03-06 00:00:00,MIDDLE,119.16813812046298,0.0,17.0,17.0,no,no,63,1,0,0,0,False,684.8,1
DSTKF.IS,1,2026-03-11 00:00:00,MIDDLE,116.8402034897542,0.6063947078280044,15.0,15.0,no,no,63,1,0,0,0,False,801.6750000000001,1
DSTKF.IS,1,2026-04-02 00:00:00,MIDDLE,151.8519593333141,0.8704557091653866,-18.0,-18.0,no,no,63,4,6,0,0,False,1102.375,1
DSTKF.IS,1,2026-04-03 00:00:00,MIDDLE,166.85198912774902,1.992846193152785,-16.0,-16.0,no,no,63,4,7,0,0,False,1107.75,1
DSTKF.IS,1,2026-04-06 00:00:00,MIDDLE,155.06172839506164,1.1144883485309016,-16.0,-16.0,no,no,63,4,8,0,0,False,1110.7,1
DSTKF.IS,1,2026-04-08 00:00:00,MIDDLE,162.52518468770998,3.196803196803197,-10.0,-10.0,no,no,63,4,10,0,0,False,1114.6750000000002,1
DSTKF.IS,1,2026-04-10 00:00:00,ABOVE_UPPER,168.31972443911366,1.6213638531235097,-6.0,-6.0,no,no,63,4,11,0,0,False,1115.4,1
DSTKF.IS,1,2026-04-13 00:00:00,MIDDLE,178.16042597045674,5.922002888781897,1.0,1.0,no,no,63,5,11,0,0,False,1117.9,1
DSTKF.IS,1,2026-04-16 00:00:00,ABOVE_UPPER,158.55181023720354,0.27347310847766637,24.0,24.0,no,no,63,5,11,0,0,False,1107.95,1
DSTKF.IS,1,2026-04-17 00:00:00,ABOVE_UPPER,177.4729289842556,0.17574692442882248,14.0,14.0,no,no,63,5,11,0,0,False,1104.8,1
DSTKF.IS,1,2026-04-20 00:00:00,ABOVE_UPPER,157.31004753847407,1.2173913043478262,30.0,10.0,YES,YES,63,5,11,0,0,False,1097.5,1
DSTKF.IS,1,2026-04-21 00:00:00,ABOVE_UPPER,187.62106004578274,0.0,12.0,12.0,no,no,63,5,11,0,0,False,1090.9,1
DSTKF.IS,1,2026-04-22 00:00:00,ABOVE_UPPER,206.72039763215574,2.4752475247524752,18.0,18.0,no,no,63,5,11,0,0,False,1086.9,1
DSTKF.IS,1,2026-04-24 00:00:00,ABOVE_UPPER,200.5890910212453,0.0,18.0,18.0,no,no,63,5,11,0,0,False,1097.7,1
DSTKF.IS,1,2026-04-27 00:00:00,ABOVE_UPPER,209.33474795479057,3.0249110320284696,22.0,22.0,no,no,63,5,11,0,0,False,1112.25,1
DSTKF.IS,1,2026-04-28 00:00:00,MIDDLE,163.18687026072496,8.426966292134832,0.3000000000000007,0.3000000000000007,no,no,63,6,11,0,0,False,1118.3000000000002,1
DSTKF.IS,2,2026-06-09 00:00:00,ABOVE_UPPER,177.4742415075553,0.39215686274509803,6.5,6.5,no,no,63,1,6,0,0,False,248.49999999999977,1
DSTKF.IS,2,2026-06-10 00:00:00,ABOVE_UPPER,196.32908247482337,3.173076923076923,20.0,20.0,no,no,63,1,6,0,0,False,242.50000000000023,1
DSTKF.IS,2,2026-06-11 00:00:00,MIDDLE,165.3713453434096,3.173076923076923,0.09999999999999787,0.09999999999999787,no,no,63,1,6,0,0,False,247.04999999999995,1
DSTKF.IS,2,2026-06-15 00:00:00,ABOVE_UPPER,150.18550228310494,0.0,12.0,12.0,no,no,63,1,6,0,0,False,287.02499999999986,1
DSTKF.IS,2,2026-06-18 00:00:00,ABOVE_UPPER,147.15037798912667,0.16273393002441008,14.0,14.0,no,no,63,2,6,0,0,False,378.39999999999986,1
DSTKF.IS,2,2026-06-19 00:00:00,ABOVE_UPPER,158.44625112917797,1.5625,30.0,10.0,YES,YES,63,2,6,0,0,False,410.54999999999995,1
DSTKF.IS,2,2026-06-22 00:00:00,MIDDLE,158.42550368261487,0.07575757575757576,19.8,19.8,no,no,63,2,6,0,0,False,437.9499999999998,1
DSTKF.IS,2,2026-06-23 00:00:00,MIDDLE,142.79653244650737,0.0,15.0,15.0,no,no,63,2,6,0,0,False,458.4749999999999,1
DSTKF.IS,2,2026-06-29 00:00:00,MIDDLE,116.43433188154583,0.6338028169014085,17.0,17.0,no,no,63,2,6,0,0,False,569.5500000000002,1
DSTKF.IS,2,2026-07-01 00:00:00,MIDDLE,120.73369826178815,0.6666666666666667,19.0,19.0,no,no,63,2,6,0,0,False,647.2750000000001,1
DSTKF.IS,2,2026-07-07 00:00:00,MIDDLE,97.87710850670783,0.25510204081632654,8.799999999999997,8.799999999999997,no,no,63,3,6,0,0,False,789.75,1
EKGYO.IS,1,2024-07-26 00:00:00,MIDDLE,115.709647697062,0.40322735704074675,2.0,2.0,no,no,63,0,0,0,0,False,1.5418947696685787,1
EKGYO.IS,1,2024-09-02 00:00:00,MIDDLE,107.98254105870006,0.9892798501027197,2.8000000000000007,2.8000000000000007,no,no,63,2,0,0,0,False,1.98439712524414,1
EKGYO.IS,1,2024-09-03 00:00:00,ABOVE_UPPER,169.87121755552104,2.646350574495067,10.0,10.0,no,no,63,2,0,0,0,False,1.969252586364746,1
EKGYO.IS,1,2024-09-04 00:00:00,ABOVE_UPPER,172.6356424806292,0.78740575316984,11.0,11.0,no,no,63,2,0,0,0,False,1.9626268863677971,1
EKGYO.IS,1,2024-09-05 00:00:00,MIDDLE,176.61286731265525,1.259841337126512,12.0,12.0,no,no,63,2,0,0,0,False,1.9380170822143565,1
EKGYO.IS,1,2024-09-06 00:00:00,MIDDLE,153.1611378146905,2.2997618536767064,20.0,20.0,no,no,63,2,0,0,0,False,1.8949500083923354,1
EKGYO.IS,2,2024-12-03 00:00:00,ABOVE_UPPER,160.87372415120822,0.0,17.599999999999994,17.599999999999994,no,no,63,0,0,27,27,False,0.2915309906005863,1
EKGYO.IS,2,2024-12-04 00:00:00,ABOVE_UPPER,214.39702771459068,2.8425610937170482,8.299999999999997,8.299999999999997,no,no,63,0,0,27,27,False,0.5579786777496345,1
EKGYO.IS,2,2024-12-05 00:00:00,MIDDLE,171.3426949697594,5.455896706677434,10.0,10.0,no,no,63,0,0,27,27,False,0.7681079864501967,1
EKGYO.IS,2,2024-12-30 00:00:00,MIDDLE,173.81915143684515,0.9200291110263831,-3.0,-3.0,no,no,63,1,1,27,27,False,3.450569295883179,1
EKGYO.IS,2,2025-01-16 00:00:00,ABOVE_UPPER,158.28424723663238,0.0,-21.0,-21.0,no,no,63,1,3,27,27,False,3.0610726833343502,1
EKGYO.IS,2,2025-01-17 00:00:00,MIDDLE,181.04614817134666,0.5460745787656274,6.0,6.0,no,no,63,1,3,27,27,False,3.0175323486328125,1
EKGYO.IS,2,2025-01-20 00:00:00,ABOVE_UPPER,214.54146280127702,0.6720391601231342,-3.0,-3.0,no,no,63,1,4,27,27,False,2.9986017704010024,1
EKGYO.IS,2,2025-01-21 00:00:00,MIDDLE,170.2857269868191,1.6972124085242388,-2.0,-2.0,no,no,63,1,5,27,27,False,2.988189983367919,1
EKGYO.IS,3,2025-01-28 00:00:00,MIDDLE,112.72654324296677,0.0,33.8,10.0,YES,YES,63,1,0,0,0,False,2.669209909439086,1
EKGYO.IS,3,2025-01-31 00:00:00,MIDDLE,112.71527070247464,0.6548733544752254,14.0,14.0,no,no,63,1,0,0,0,False,2.2924916267395012,1
EKGYO.IS,3,2025-03-03 00:00:00,ABOVE_UPPER,203.49736059428406,2.1825391944694057,29.200000000000003,10.0,YES,YES,63,2,2,0,0,False,0.5248500823974602,1
EKGYO.IS,3,2025-03-04 00:00:00,ABOVE_UPPER,217.48369284637766,0.5201555468841613,0.1999999999999993,0.1999999999999993,no,no,63,2,2,0,0,False,0.5513528347015377,1
EKGYO.IS,3,2025-03-05 00:00:00,ABOVE_UPPER,204.8097345772945,0.0,13.0,13.0,no,no,63,2,2,0,0,False,0.5972594261169419,1
EKGYO.IS,3,2025-03-06 00:00:00,MIDDLE,167.8893984878713,1.9342371779996468,21.0,21.0,no,no,63,2,2,0,0,False,0.6204493999481198,1
EKGYO.IS,4,2025-06-05 00:00:00,MIDDLE,170.84963187753496,0.19404743141764524,5.0,5.0,no,no,63,0,0,27,27,False,0.06673002243041992,1
EKGYO.IS,4,2025-06-10 00:00:00,ABOVE_UPPER,182.70190471698274,0.5037778534604926,6.0,6.0,no,no,63,0,0,27,27,False,0.36299343109130966,1
EKGYO.IS,4,2025-06-11 00:00:00,ABOVE_UPPER,184.9730428663519,0.6207229691651321,18.0,18.0,no,no,63,0,0,27,27,False,0.6478985309600827,1
EKGYO.IS,4,2025-06-24 00:00:00,ABOVE_UPPER,166.17445978246027,0.4244978520061683,4.0,4.0,no,no,63,1,0,27,27,False,2.5005017757415775,1
EKGYO.IS,4,2025-06-25 00:00:00,ABOVE_UPPER,186.10035299876722,0.2969075808046436,4.0,4.0,no,no,63,1,0,27,27,False,2.6782479763030995,1
EKGYO.IS,4,2025-06-26 00:00:00,MIDDLE,165.87485312418403,2.4096362008327663,15.0,15.0,no,no,63,1,0,27,27,False,2.886922311782836,1
EKGYO.IS,4,2025-06-30 00:00:00,ABOVE_UPPER,202.78833888912527,0.22222730848523403,6.0,6.0,no,no,63,1,0,27,27,False,3.319494819641113,1
EKGYO.IS,4,2025-07-01 00:00:00,ABOVE_UPPER,184.97336427497848,1.792715338854623,12.0,12.0,no,no,63,1,0,27,27,False,3.592240953445433,1
EKGYO.IS,4,2025-07-02 00:00:00,MIDDLE,157.1745294543347,1.4396469356056494,23.0,23.0,no,no,63,1,0,27,27,False,3.815090084075928,1
EKGYO.IS,4,2025-07-10 00:00:00,MIDDLE,116.43491138550876,0.21053113435443774,21.0,21.0,no,no,63,2,0,27,27,False,4.73728609085083,1
EKGYO.IS,4,2025-07-11 00:00:00,MIDDLE,120.8454821019401,0.939949393009934,17.0,17.0,no,no,63,2,0,27,27,False,4.894801044464112,1
EKGYO.IS,4,2025-07-18 00:00:00,MIDDLE,121.1117490276231,0.3080152705390069,2.0,2.0,no,no,63,2,0,27,27,False,5.295365190505983,1
EKGYO.IS,4,2025-07-21 00:00:00,MIDDLE,164.97210064011685,0.09822470439843561,8.0,8.0,no,no,63,2,0,27,27,False,5.392917823791505,1
EKGYO.IS,4,2025-07-22 00:00:00,MIDDLE,185.1367510877928,6.896559499977742,10.0,10.0,no,no,63,3,0,27,27,False,5.525837087631228,1
EKGYO.IS,5,2025-08-21 00:00:00,ABOVE_UPPER,231.72549286692967,2.0211745063312856,13.0,13.0,no,no,63,4,0,0,0,False,4.786157941818237,1
EKGYO.IS,5,2025-08-22 00:00:00,ABOVE_UPPER,289.8932347786396,2.9026166393660926,9.0,9.0,no,no,63,4,0,0,0,False,4.7115102291107185,1
EKGYO.IS,5,2025-08-25 00:00:00,ABOVE_UPPER,230.57108706821057,3.4839962695246967,18.0,18.0,no,no,63,4,0,0,0,False,4.6403924942016594,1
EKGYO.IS,5,2025-08-26 00:00:00,MIDDLE,157.97944886395484,4.467676943487717,10.1,10.1,no,no,63,4,0,0,0,False,4.486296701431273,1
EKGYO.IS,6,2026-01-19 00:00:00,ABOVE_UPPER,236.63354413349202,1.5693055563292682,1.0,1.0,no,no,63,0,0,27,27,False,1.524323558807371,1
EKGYO.IS,6,2026-01-20 00:00:00,MIDDLE,170.28982425841272,3.5555506277507045,10.0,10.0,no,no,63,0,0,27,27,False,1.6390366554260254,1
EKGYO.IS,6,2026-01-21 00:00:00,MIDDLE,160.95350379595,4.12280949786034,10.100000000000001,10.100000000000001,no,no,63,0,0,27,27,False,1.7450003623962402,1
EKGYO.IS,6,2026-01-22 00:00:00,MIDDLE,150.4313301841346,3.577664458382515,20.8,20.8,no,no,63,0,0,27,27,False,1.829090881347657,1
EKGYO.IS,6,2026-01-23 00:00:00,MIDDLE,152.3859111787872,1.4529965559561269,6.0,6.0,no,no,63,0,0,27,27,False,1.91512575149536,1
EKGYO.IS,7,2026-01-26 00:00:00,MIDDLE,136.1000848583904,9.611868081706771e-07,16.0,16.0,no,no,63,0,0,0,0,False,2.0055352210998514,1
EKGYO.IS,7,2026-01-29 00:00:00,MIDDLE,145.4197046023192,0.9771977863882876,6.599999999999998,6.599999999999998,no,no,63,0,0,0,0,False,2.3438413619995124,1
EKGYO.IS,7,2026-01-30 00:00:00,ABOVE_UPPER,170.2910796079477,0.9411755730124174,18.0,18.0,no,no,63,0,0,0,0,False,2.537298107147219,1
EKGYO.IS,7,2026-02-03 00:00:00,MIDDLE,155.22535456269725,0.5397046521438101,3.8000000000000007,3.8000000000000007,no,no,63,0,0,0,0,False,2.776445674896241,1
EKGYO.IS,7,2026-02-16 00:00:00,MIDDLE,158.54345508324715,4.147464998981863,10.5,10.5,no,no,63,2,0,0,0,False,3.4481981277465827,1
ENKAI.IS,1,2024-07-29 00:00:00,MIDDLE,137.44446306064555,0.556042773818986,2.599999999999998,2.599999999999998,no,no,63,0,0,0,0,False,4.28288898468017,1
ENKAI.IS,1,2024-08-01 00:00:00,MIDDLE,128.0530152192208,0.25188692993737244,1.8000000000000007,1.8000000000000007,no,no,63,0,0,0,0,False,4.689539718627927,1
ENKAI.IS,1,2024-08-22 00:00:00,ABOVE_UPPER,155.68688191946984,0.8213505234399128,2.3999999999999986,2.3999999999999986,no,no,63,2,1,0,0,False,4.481331825256348,1
ENKAI.IS,1,2024-08-28 00:00:00,ABOVE_UPPER,149.1990516782452,1.344742915218278,20.200000000000003,20.200000000000003,no,no,63,3,1,0,0,False,4.595576477050777,1
ENKAI.IS,1,2024-08-29 00:00:00,MIDDLE,159.194449284223,1.9262406404051826,2.0,2.0,no,no,63,3,1,0,0,False,4.693237686157225,1
ENKAI.IS,1,2024-09-02 00:00:00,ABOVE_UPPER,195.29148639347164,1.0837423390355576,13.0,13.0,no,no,63,3,1,0,0,False,4.910210037231444,1
ENKAI.IS,1,2024-09-03 00:00:00,MIDDLE,178.5263019382087,1.1834289252312566,12.0,12.0,no,no,63,3,1,0,0,False,5.139620780944824,1
ENKAI.IS,1,2024-09-05 00:00:00,MIDDLE,148.84081737378057,0.09671032170735519,12.0,12.0,no,no,63,3,1,0,0,False,5.675372123718262,1
ENKAI.IS,2,2024-11-12 00:00:00,ABOVE_UPPER,183.3436527572738,0.1818154074928911,19.6,19.6,no,no,63,0,0,12,12,False,0.06080646514892862,1
ENKAI.IS,2,2024-11-13 00:00:00,MIDDLE,164.4675534080969,2.199818111315738,1.0,1.0,no,no,63,1,0,12,12,False,0.49705448150634624,1
ENKAI.IS,3,2025-03-17 00:00:00,MIDDLE,147.383269765529,0.5987997768222744,21.0,21.0,no,no,63,1,0,32,32,False,1.8933259963989215,1
ENKAI.IS,3,2025-03-18 00:00:00,ABOVE_UPPER,165.423535109334,0.7364988120745234,9.2,9.2,no,no,63,1,0,32,32,False,2.2825862884521513,1
ENKAI.IS,3,2025-04-24 00:00:00,ABOVE_UPPER,174.3812168712923,1.3127389561715723,6.0,6.0,no,no,63,7,0,32,32,False,11.683742141723634,1
ENKAI.IS,4,2025-05-09 00:00:00,ABOVE_UPPER,237.71515599571367,1.910353216846335,24.799999999999997,24.799999999999997,no,no,63,0,0,0,0,False,12.55823020935059,1
ENKAI.IS,4,2025-05-12 00:00:00,ABOVE_UPPER,372.6667812150881,0.0,4.200000000000003,4.200000000000003,no,no,63,0,0,0,0,False,13.010349464416507,1
ENKAI.IS,4,2025-05-13 00:00:00,MIDDLE,228.47885094522334,9.34782166411912,4.5,4.5,no,no,63,1,0,0,0,False,13.154343986511229,1
ENKAI.IS,5,2025-08-08 00:00:00,MIDDLE,149.02745860395146,0.8946955039667496,2.0,2.0,no,no,63,0,0,0,0,False,4.6041412353515625,1
ENKAI.IS,5,2025-09-15 00:00:00,MIDDLE,53.612950030024635,0.2672071899986289,22.0,22.0,no,no,63,5,2,0,0,False,5.622525787353524,1
ENKAI.IS,6,2025-10-30 00:00:00,MIDDLE,151.81656680192035,1.3592272514664254,6.599999999999998,6.599999999999998,no,no,63,0,0,2,2,False,0.19653663635253338,1
ENKAI.IS,6,2025-10-31 00:00:00,MIDDLE,141.23331986371727,0.7722137960089989,21.0,21.0,no,no,63,0,0,2,2,False,0.7433994293212862,1
ENKAI.IS,6,2025-11-07 00:00:00,MIDDLE,88.75341497320939,0.8985709076760582,17.0,17.0,no,no,63,1,0,2,2,False,3.824773406982416,1
ENKAI.IS,6,2025-11-28 00:00:00,MIDDLE,150.58291542526777,2.5188865890599694,12.2,12.2,no,no,63,4,2,2,2,False,5.1006313323974695,1
ENKAI.IS,6,2025-12-08 00:00:00,MIDDLE,109.41836928255469,0.6781788681948254,17.0,17.0,no,no,63,6,2,2,2,False,5.481938552856448,1
ENKAI.IS,6,2025-12-09 00:00:00,MIDDLE,104.62931854524139,0.3678668438220546,19.0,19.0,no,no,63,6,2,2,2,False,6.081851959228516,1
ENKAI.IS,6,2026-01-06 00:00:00,ABOVE_UPPER,143.66320249873314,0.36386059777071256,19.0,19.0,no,no,63,15,3,2,2,False,5.076461029052737,1
ENKAI.IS,6,2026-01-08 00:00:00,ABOVE_UPPER,124.99660397384667,0.48367780004786787,6.0,6.0,no,no,63,15,3,2,2,False,4.735449981689442,1
ENKAI.IS,6,2026-01-16 00:00:00,ABOVE_UPPER,177.93373117747552,0.47619229271298935,23.200000000000003,23.200000000000003,no,no,63,16,3,2,2,False,4.430686187744129,1
ENKAI.IS,6,2026-01-19 00:00:00,MIDDLE,171.13717013717877,2.843313285826463,8.5,8.5,no,no,63,16,3,2,2,False,4.61254348754882,1
ENKAI.IS,6,2026-01-23 00:00:00,MIDDLE,163.91488976912837,1.0701627504492395,5.199999999999999,5.199999999999999,no,no,63,16,3,2,2,False,5.098852920532224,1
ENKAI.IS,7,2026-01-27 00:00:00,MIDDLE,156.61089606507517,1.0071071786183208,6.0,6.0,no,no,63,1,0,0,0,False,5.471406555175776,1
ENKAI.IS,7,2026-01-28 00:00:00,ABOVE_UPPER,289.72178105439133,1.2087895320012008,12.0,12.0,no,no,63,1,0,0,0,False,5.9428489685058565,1
ENKAI.IS,7,2026-01-29 00:00:00,ABOVE_UPPER,306.597032242634,1.9670371229047128,2.299999999999997,2.299999999999997,no,no,63,1,0,0,0,False,6.507729721069339,1
ENKAI.IS,7,2026-01-30 00:00:00,ABOVE_UPPER,276.8195189504761,0.3576887885324316,12.8,12.8,no,no,63,1,0,0,0,False,7.294607162475586,1
ENKAI.IS,7,2026-02-02 00:00:00,MIDDLE,183.49681250819324,4.025418839487446,25.0,25.0,no,no,63,1,0,0,0,False,7.910453033447254,1
ENKAI.IS,7,2026-02-03 00:00:00,MIDDLE,159.61479862642275,2.025973621623546,8.599999999999998,8.599999999999998,no,no,63,1,0,0,0,False,8.391792678833013,1
ENKAI.IS,7,2026-02-04 00:00:00,MIDDLE,147.87256457408364,0.30643304954019895,19.0,19.0,no,no,63,1,0,0,0,False,8.85461349487305,1
ENKAI.IS,7,2026-02-09 00:00:00,MIDDLE,91.48721311074927,0.9768605954260471,2.599999999999998,2.599999999999998,no,no,63,2,0,0,0,False,10.201438903808594,1
ENKAI.IS,7,2026-02-12 00:00:00,MIDDLE,104.07991590635619,0.0,8.0,8.0,no,no,63,3,0,0,0,False,11.895787811279291,1
ENKAI.IS,7,2026-04-13 00:00:00,ABOVE_UPPER,247.17027675112476,1.9940178854909305,9.0,9.0,no,no,63,8,0,0,0,False,3.7409214019775447,1
ENKAI.IS,7,2026-04-14 00:00:00,ABOVE_UPPER,278.39478172913766,3.250479517664711,12.899999999999999,12.899999999999999,no,no,63,8,0,0,0,False,3.374917984008789,1
ENKAI.IS,7,2026-04-15 00:00:00,ABOVE_UPPER,200.3493751668767,3.6468360489927223,13.0,13.0,no,no,63,8,0,0,0,False,2.9424850463867216,1
ENKAI.IS,7,2026-04-16 00:00:00,MIDDLE,161.3038014739929,4.046239715569124,14.0,14.0,no,no,63,9,0,0,0,False,2.4998268127441463,1
ENKAI.IS,7,2026-04-17 00:00:00,ABOVE_UPPER,158.72528629369123,0.5555541427047165,1.5999999999999979,1.5999999999999979,no,no,63,9,0,0,0,False,2.509091949462899,1
EREGL.IS,2,2024-11-11 00:00:00,ABOVE_UPPER,228.21197904419586,1.7664331652695253,9.0,9.0,no,no,63,0,0,11,11,False,0.1370728492736788,1
EREGL.IS,3,2025-03-05 00:00:00,MIDDLE,58.65814502764445,0.4212334041063406,37.6,10.0,YES,YES,63,5,3,8,8,False,-2.2547407150268555,-1
EREGL.IS,3,2025-03-06 00:00:00,ABOVE_UPPER,180.5731400473606,0.0,35.2,10.0,YES,YES,63,5,3,8,8,False,-2.0407016754150398,-1
EREGL.IS,3,2025-03-07 00:00:00,ABOVE_UPPER,189.34684739917586,0.403227357040752,-3.0,-3.0,no,no,63,5,4,8,8,False,-1.8491415023803732,-1
EREGL.IS,3,2025-03-10 00:00:00,MIDDLE,151.87002572083912,2.3731583921113826,8.0,8.0,no,no,63,5,4,8,8,False,-1.6028500556945815,-1
EREGL.IS,3,2025-03-11 00:00:00,MIDDLE,151.26939174990432,2.014504456679206,14.0,14.0,no,no,63,5,4,8,8,False,-1.375127983093261,-1
EREGL.IS,3,2025-03-12 00:00:00,MIDDLE,156.82804835001483,0.7120189594070518,2.0,2.0,no,no,63,5,4,8,8,False,-1.1210174560546875,-1
EREGL.IS,3,2025-03-18 00:00:00,MIDDLE,99.1799663169743,0.7794330733251806,11.0,11.0,no,no,63,5,4,8,8,False,-0.24140434265136435,-1
EREGL.IS,4,2025-05-05 00:00:00,ABOVE_UPPER,215.47500157604176,3.993340465526337,25.0,25.0,no,no,63,0,0,0,0,False,-0.7896971702575684,-1
EREGL.IS,4,2025-05-06 00:00:00,MIDDLE,152.9654230661442,5.042014483144292,8.0,8.0,no,no,63,0,0,0,0,False,-0.7818783760070787,-1
EREGL.IS,4,2025-05-13 00:00:00,MIDDLE,150.13934577236765,0.16000366210937442,8.0,8.0,no,no,63,0,1,0,0,False,-0.563929557800293,-1
EREGL.IS,4,2025-06-17 00:00:00,ABOVE_UPPER,238.53717761321033,0.3759412783294156,17.0,17.0,no,no,63,1,1,15,15,False,1.7885465621948242,1
EREGL.IS,4,2025-06-18 00:00:00,ABOVE_UPPER,215.71607906307057,1.9637479862273335,-1.0,-1.0,no,no,63,1,2,15,15,False,2.0680681228637674,1
EREGL.IS,5,2025-08-18 00:00:00,ABOVE_UPPER,246.96789906618784,0.13898195699929355,19.0,19.0,no,no,63,0,0,0,0,False,3.004786300659177,1
EREGL.IS,5,2025-08-19 00:00:00,ABOVE_UPPER,275.95181601588,0.6811949980692654,4.199999999999999,4.199999999999999,no,no,63,0,0,0,0,False,3.019540691375731,1
EREGL.IS,5,2025-08-20 00:00:00,ABOVE_UPPER,238.69524033978934,1.2286710570838906,11.0,11.0,no,no,63,0,0,0,0,False,3.0108109474182143,1
EREGL.IS,5,2025-08-21 00:00:00,ABOVE_UPPER,205.98909728355304,1.0148888695171558,16.0,16.0,no,no,63,0,0,0,0,False,3.020743465423582,1
EREGL.IS,5,2025-08-22 00:00:00,MIDDLE,163.12427504231704,2.5170060568700094,3.1000000000000014,3.1000000000000014,no,no,63,1,0,0,0,False,3.0580414772033713,1
EREGL.IS,5,2025-09-23 00:00:00,ABOVE_UPPER,149.71833671248714,2.0214762878489156,25.0,25.0,no,no,63,8,0,0,0,False,1.0817909240722656,1
EREGL.IS,5,2025-09-24 00:00:00,MIDDLE,152.73490715081473,2.735360264942206,19.0,19.0,no,no,63,9,0,0,0,False,1.165157508850097,1
EREGL.IS,5,2025-09-25 00:00:00,ABOVE_UPPER,169.8051493657007,0.8014862738508232,16.0,16.0,no,no,63,9,0,0,0,False,1.3299173355102525,1
EREGL.IS,6,2025-12-15 00:00:00,ABOVE_UPPER,237.59169539776573,0.7240484662687872,-3.0,-3.0,no,no,63,2,1,27,27,False,-4.815523242950437,-1
EREGL.IS,6,2026-01-13 00:00:00,MIDDLE,137.25491571196602,0.7955480023671073,8.0,8.0,no,no,63,2,1,27,27,False,-2.0590040206909173,-1
EREGL.IS,6,2026-01-14 00:00:00,ABOVE_UPPER,190.35061566339448,1.251955013733872,14.0,14.0,no,no,63,2,1,27,27,False,-1.839982032775879,-1
EREGL.IS,6,2026-01-15 00:00:00,MIDDLE,156.39191177733858,1.569854550282275,6.0,6.0,no,no,63,2,1,27,27,False,-1.644638156890867,-1
EREGL.IS,6,2026-01-16 00:00:00,ABOVE_UPPER,186.7623578826806,0.46047905484506324,2.599999999999998,2.599999999999998,no,no,63,2,1,27,27,False,-1.45422716140747,-1
EREGL.IS,6,2026-01-19 00:00:00,ABOVE_UPPER,210.5465850206529,0.6019557858215401,1.0,1.0,no,no,63,2,1,27,27,False,-1.220406341552735,-1
EREGL.IS,6,2026-01-22 00:00:00,MIDDLE,141.0694447758154,0.2242132489880343,0.7999999999999989,0.7999999999999989,no,no,63,3,1,27,27,False,-0.40746002197265696,-1
EREGL.IS,7,2026-01-23 00:00:00,MIDDLE,156.07004652628876,0.517373613304296,11.0,11.0,no,no,63,0,0,0,0,False,-0.0809002876281717,-1
EREGL.IS,7,2026-02-06 00:00:00,MIDDLE,110.04396181815042,0.8959346133031401,6.0,6.0,no,no,63,1,0,7,7,False,3.021911239624025,1
EREGL.IS,7,2026-02-09 00:00:00,MIDDLE,145.0863479819665,0.13333638509113463,8.0,8.0,no,no,63,1,0,7,7,False,3.2419198036193855,1
EREGL.IS,7,2026-02-23 00:00:00,ABOVE_UPPER,177.29919690724404,1.4612484069579217,23.200000000000003,23.200000000000003,no,no,63,3,0,7,7,False,4.8362416267395005,1
EREGL.IS,7,2026-02-24 00:00:00,ABOVE_UPPER,202.6412996534451,0.2501620769225773,4.0,4.0,no,no,63,3,0,7,7,False,5.076968479156495,1
EREGL.IS,7,2026-02-25 00:00:00,MIDDLE,159.73907914032563,2.166991640296314,11.0,11.0,no,no,63,4,0,7,7,False,5.247647762298584,1
EREGL.IS,7,2026-02-26 00:00:00,MIDDLE,162.60851031799575,0.877745109698555,1.6000000000000014,1.6000000000000014,no,no,63,4,0,7,7,False,5.420300102233888,1
EREGL.IS,7,2026-02-27 00:00:00,ABOVE_UPPER,179.51281612184877,0.1837151670892368,6.0,6.0,no,no,63,4,0,7,7,False,5.6195902824401855,1
EREGL.IS,7,2026-04-06 00:00:00,ABOVE_UPPER,203.77851127330266,0.9314726933469902,16.200000000000003,16.200000000000003,no,no,63,7,4,7,7,False,1.299332904815671,1
EREGL.IS,7,2026-04-08 00:00:00,MIDDLE,157.70600887333478,2.5693037004501105,37.6,10.0,YES,YES,63,7,4,7,7,False,0.8849669456481948,1
EREGL.IS,7,2026-04-09 00:00:00,ABOVE_UPPER,175.9258951080162,2.059797089791582,14.2,14.2,no,no,63,7,4,7,7,False,0.7596706390380845,1
EREGL.IS,7,2026-04-10 00:00:00,ABOVE_UPPER,205.70090626571064,0.06389922763956479,2.0,2.0,no,no,63,7,4,7,7,False,0.67186441421509,1
EREGL.IS,7,2026-04-13 00:00:00,ABOVE_UPPER,207.09552884883806,0.6875038146972656,17.0,17.0,no,no,63,7,4,7,7,False,0.6758108139038086,1
EREGL.IS,7,2026-04-14 00:00:00,MIDDLE,170.4026299685203,3.1150653870171627,20.0,20.0,no,no,63,7,4,7,7,False,0.6649583816528306,1
EREGL.IS,7,2026-04-21 00:00:00,MIDDLE,162.10568792056347,2.2538502195147707,27.0,10.0,YES,YES,63,8,4,7,7,False,0.8425438880920417,1
FROTO.IS,1,2024-09-02 00:00:00,MIDDLE,185.9566438332076,2.8198401548221264,12.0,12.0,no,no,63,0,1,23,23,False,-15.065188598632801,-1
FROTO.IS,2,2024-11-14 00:00:00,ABOVE_UPPER,216.73316592047786,0.7162068698430715,3.0,3.0,no,no,63,0,0,15,15,False,7.993413543701166,1
FROTO.IS,3,2025-03-06 00:00:00,ABOVE_UPPER,217.29563241988973,0.0,9.2,9.2,no,no,63,0,0,0,0,False,-3.712179565429679,-1
FROTO.IS,3,2025-03-07 00:00:00,ABOVE_UPPER,241.6815574912161,0.6612348690794351,11.0,11.0,no,no,63,0,0,0,0,False,-3.154460525512704,-1
FROTO.IS,3,2025-03-10 00:00:00,ABOVE_UPPER,223.07092417679382,0.7049314468573975,-3.0,-3.0,no,no,63,0,1,0,0,False,-2.4695819854736243,-1
FROTO.IS,3,2025-03-11 00:00:00,ABOVE_UPPER,233.41623696073313,1.56097412109375,3.0,3.0,no,no,63,0,1,0,0,False,-1.6731590270996008,-1
FROTO.IS,3,2025-03-12 00:00:00,ABOVE_UPPER,191.93266944727117,0.9699333776754147,-3.0,-3.0,no,no,63,0,2,0,0,False,-0.8098087310791016,-1
FROTO.IS,3,2025-03-13 00:00:00,ABOVE_UPPER,168.98012423852694,0.0,2.0,2.0,no,no,63,0,2,0,0,False,-0.07138824462890625,-1
FROTO.IS,4,2025-05-13 00:00:00,MIDDLE,161.2626109085014,2.8133000804017554,20.300000000000004,20.300000000000004,no,no,63,3,2,0,0,False,0.5910511016845703,1
FROTO.IS,4,2025-06-30 00:00:00,MIDDLE,98.45379355457268,0.0,31.6,10.0,YES,YES,63,5,5,4,4,False,-11.49719314575195,-1
FROTO.IS,4,2025-07-01 00:00:00,ABOVE_UPPER,157.00808548721997,1.6084269813638818,-3.0,-3.0,no,no,63,5,6,4,4,False,-10.335434722900388,-1
FROTO.IS,4,2025-07-02 00:00:00,ABOVE_UPPER,219.34009782833832,1.2779520007903933,9.299999999999997,9.299999999999997,no,no,63,5,6,4,4,False,-9.181407928466797,-1
FROTO.IS,4,2025-07-03 00:00:00,ABOVE_UPPER,189.12415330797504,2.9554002254791496,-7.0,-7.0,no,no,63,5,7,4,4,False,-7.9452739715576115,-1
FROTO.IS,4,2025-07-10 00:00:00,MIDDLE,127.19123584918314,0.3632573738079545,2.0,2.0,no,no,63,5,8,4,4,False,-3.667572021484375,-1
FROTO.IS,5,2025-08-11 00:00:00,MIDDLE,150.60587407165252,2.0715651594158735,23.0,23.0,no,no,63,0,0,9,9,False,8.580355072021476,1
FROTO.IS,5,2025-08-19 00:00:00,MIDDLE,114.72472560600399,0.0,19.0,19.0,no,no,63,1,0,9,9,False,14.54781799316406,1
FROTO.IS,5,2025-08-26 00:00:00,MIDDLE,152.22105723079142,0.0,23.0,23.0,no,no,63,1,0,9,9,False,19.621635055541987,1
FROTO.IS,6,2025-12-11 00:00:00,ABOVE_UPPER,150.85704597830028,0.5872882150581674,23.799999999999997,23.799999999999997,no,no,63,0,0,15,15,False,-2.5330814361572322,-1
FROTO.IS,6,2025-12-12 00:00:00,ABOVE_UPPER,248.40313105286518,0.2063951961742448,1.0,1.0,no,no,63,0,0,15,15,False,-1.5300277709960852,-1
FROTO.IS,6,2025-12-15 00:00:00,ABOVE_UPPER,269.6139335000403,0.6042280520458455,1.0,1.0,no,no,63,0,0,15,15,False,-0.4313694000244084,-1
FROTO.IS,6,2025-12-16 00:00:00,MIDDLE,202.44381870259573,2.566738389445107,2.1000000000000014,2.1000000000000014,no,no,63,0,0,15,15,False,0.3939910888671818,1
FROTO.IS,6,2026-01-13 00:00:00,ABOVE_UPPER,154.83134621438734,0.49554013125734825,19.0,19.0,no,no,63,6,0,15,15,False,4.695432281494149,1
FROTO.IS,6,2026-01-14 00:00:00,MIDDLE,191.06029977251688,2.362206261735542,20.300000000000004,20.300000000000004,no,no,63,6,0,15,15,False,5.002798461914054,1
FROTO.IS,6,2026-01-15 00:00:00,ABOVE_UPPER,189.47037656560704,0.9587727428001801,17.599999999999994,17.599999999999994,no,no,63,6,0,15,15,False,5.477421569824216,1
FROTO.IS,6,2026-01-16 00:00:00,ABOVE_UPPER,197.68000129686808,2.182158813155773,8.299999999999997,8.299999999999997,no,no,63,6,0,15,15,False,6.031474685668954,1
FROTO.IS,6,2026-01-19 00:00:00,MIDDLE,150.41182624454146,3.8572774454590073,2.3000000000000007,2.3000000000000007,no,no,63,6,0,15,15,False,6.5666728973388615,1
FROTO.IS,7,2026-01-26 00:00:00,MIDDLE,113.77176115314765,0.27828888114154277,23.0,23.0,no,no,63,0,0,0,0,False,9.754473495483396,1
FROTO.IS,7,2026-01-27 00:00:00,MIDDLE,150.07579458211197,2.564105430410343,12.5,12.5,no,no,63,0,0,0,0,False,10.78836212158204,1
FROTO.IS,7,2026-01-29 00:00:00,MIDDLE,161.29974725915207,1.0704768902505868,1.8000000000000007,1.8000000000000007,no,no,63,0,0,0,0,False,12.739583587646493,1
FROTO.IS,7,2026-01-30 00:00:00,ABOVE_UPPER,167.2438980303076,1.583116182999729,18.0,18.0,no,no,63,0,0,0,0,False,13.68795928955079,1
FROTO.IS,7,2026-02-03 00:00:00,MIDDLE,162.04782376009587,0.7725334986085074,1.8000000000000007,1.8000000000000007,no,no,63,0,0,0,0,False,15.352124023437511,1
FROTO.IS,7,2026-02-09 00:00:00,MIDDLE,125.00805367559884,0.7537701125437917,8.0,8.0,no,no,63,1,0,0,0,False,18.0424201965332,1
FROTO.IS,7,2026-02-11 00:00:00,MIDDLE,103.16882794696252,0.6655599601240368,6.0,6.0,no,no,63,2,0,0,0,False,18.722490692138678,1
FROTO.IS,7,2026-02-12 00:00:00,ABOVE_UPPER,164.07885316771484,0.0,12.0,12.0,no,no,63,2,0,0,0,False,19.440066528320315,1
FROTO.IS,7,2026-02-13 00:00:00,ABOVE_UPPER,178.03695860430938,0.0,12.0,12.0,no,no,63,2,0,0,0,False,20.267634963989266,1
FROTO.IS,7,2026-02-16 00:00:00,ABOVE_UPPER,205.0537487772965,0.8190549662926268,18.0,18.0,no,no,63,2,0,0,0,False,21.403921508789068,1
FROTO.IS,7,2026-02-17 00:00:00,MIDDLE,151.9750858012453,5.946781483541914,10.0,10.0,no,no,63,2,0,0,0,False,22.307724380493156,1
GARAN.IS,2,2024-12-09 00:00:00,ABOVE_UPPER,161.5988817920412,0.0,12.0,12.0,no,no,63,1,0,24,24,False,0.4310043334960909,1
GARAN.IS,2,2024-12-25 00:00:00,ABOVE_UPPER,157.74977457637777,0.0,6.0,6.0,no,no,63,3,0,24,24,False,11.516576004028323,1
GARAN.IS,2,2025-01-20 00:00:00,MIDDLE,157.276213639756,1.3432852892733937,1.0,1.0,no,no,63,8,2,24,24,False,18.002470397949224,1
GARAN.IS,2,2025-01-21 00:00:00,MIDDLE,168.3072795435392,1.4947713066890114,7.0,7.0,no,no,63,9,2,24,24,False,17.970029067993167,1
GARAN.IS,2,2025-01-22 00:00:00,ABOVE_UPPER,201.3051918008002,0.0,16.0,16.0,no,no,63,9,2,24,24,False,18.007104110717776,1
GARAN.IS,3,2025-03-04 00:00:00,ABOVE_UPPER,286.2156695296042,2.396512896978592,3.0,3.0,no,no,63,4,0,2,2,False,1.1029949188232422,1
GARAN.IS,3,2025-03-05 00:00:00,ABOVE_UPPER,238.62448469277012,1.4336917562723908,3.0,3.0,no,no,63,4,0,2,2,False,1.872311782836917,1
GARAN.IS,3,2025-03-06 00:00:00,MIDDLE,183.38289376115418,2.3054732549601797,10.0,10.0,no,no,63,5,0,2,2,False,2.168915176391593,1
GARAN.IS,3,2025-03-07 00:00:00,ABOVE_UPPER,174.7950883095036,0.281895118026028,11.0,11.0,no,no,63,5,0,2,2,False,2.678702163696286,1
GARAN.IS,3,2025-03-12 00:00:00,MIDDLE,117.31741429163377,0.7665547759690731,8.600000000000001,8.600000000000001,no,no,63,6,0,2,2,False,4.374906921386724,1
GARAN.IS,3,2025-03-13 00:00:00,MIDDLE,117.83218922691029,0.8368307209543506,15.0,15.0,no,no,63,6,0,2,2,False,4.921770095825195,1
GARAN.IS,3,2025-03-14 00:00:00,MIDDLE,104.63944462502482,0.8368307209543506,17.0,17.0,no,no,63,7,0,2,2,False,5.213739395141602,1
GARAN.IS,4,2025-05-14 00:00:00,ABOVE_UPPER,259.6480761053724,0.7042280479784143,21.0,21.0,no,no,63,0,0,7,7,False,-23.971694183349612,-1
GARAN.IS,4,2025-05-15 00:00:00,MIDDLE,196.44436845239812,3.9963683804347427,11.5,11.5,no,no,63,0,0,7,7,False,-24.42759819030762,-1
GARAN.IS,4,2025-05-16 00:00:00,ABOVE_UPPER,172.8532225303521,1.0591303440641853,16.6,16.6,no,no,63,0,0,7,7,False,-24.729374313354498,-1
GARAN.IS,4,2025-05-20 00:00:00,MIDDLE,157.5006632377051,2.1409467239741935,9.0,9.0,no,no,63,1,0,7,7,False,-24.786210632324227,-1
GARAN.IS,4,2025-06-04 00:00:00,MIDDLE,108.49225137270011,0.8642993150942021,2.0,2.0,no,no,63,2,0,7,7,False,-13.904870605468759,-1
GARAN.IS,4,2025-06-05 00:00:00,MIDDLE,118.20923382759845,0.5167936711126769,2.0,2.0,no,no,63,2,0,7,7,False,-11.970495986938474,-1
GARAN.IS,4,2025-06-10 00:00:00,ABOVE_UPPER,231.65322513204623,0.5723605321137629,4.0,4.0,no,no,63,2,0,7,7,False,-9.632940292358398,-1
GARAN.IS,4,2025-06-11 00:00:00,ABOVE_UPPER,238.8243863589524,1.981834480693061,-15.0,-15.0,no,no,63,2,1,7,7,False,-7.268270874023429,-1
GARAN.IS,4,2025-06-12 00:00:00,MIDDLE,157.55911587968842,3.7815134725411808,11.0,11.0,no,no,63,2,1,7,7,False,-5.402212524414054,-1
GARAN.IS,4,2025-06-30 00:00:00,ABOVE_UPPER,244.33454115529747,0.0,4.0,4.0,no,no,63,2,1,15,15,False,9.914350509643555,1
GARAN.IS,4,2025-07-01 00:00:00,ABOVE_UPPER,271.1328751256549,1.0226509990438974,7.0,7.0,no,no,63,2,1,15,15,False,12.13943252563476,1
GARAN.IS,4,2025-07-02 00:00:00,ABOVE_UPPER,241.85126667196653,0.9359273642061186,13.0,13.0,no,no,63,2,1,15,15,False,14.297232818603504,1
GARAN.IS,4,2025-07-03 00:00:00,MIDDLE,188.6061002514894,6.1209346750564375,19.0,19.0,no,no,63,3,1,15,15,False,15.940814208984364,1
GARAN.IS,4,2025-07-21 00:00:00,MIDDLE,78.5956967828351,0.9790232927163343,4.0,4.0,no,no,63,5,2,15,15,False,27.469912338256833,1
GARAN.IS,5,2025-08-01 00:00:00,ABOVE_UPPER,159.42063358043697,0.13745494724548404,-8.0,-8.0,no,no,63,0,2,0,0,False,29.94008979797364,1
GARAN.IS,5,2025-08-04 00:00:00,ABOVE_UPPER,293.75374964757225,1.778654080343844,18.0,18.0,no,no,63,0,2,0,0,False,29.95450782775879,1
GARAN.IS,5,2025-08-05 00:00:00,ABOVE_UPPER,233.39064247222439,2.9999991357555524,6.0,6.0,no,no,63,0,2,0,0,False,29.829557800292974,1
GARAN.IS,5,2025-08-06 00:00:00,MIDDLE,169.10178793736642,3.2753980402911123,9.0,9.0,no,no,63,1,2,0,0,False,29.35378379821779,1
GARAN.IS,6,2026-01-02 00:00:00,ABOVE_UPPER,289.3516082936998,0.0,-1.0,-1.0,no,no,63,0,1,32,32,False,13.19670562744139,1
GARAN.IS,6,2026-01-05 00:00:00,ABOVE_UPPER,257.4625331676204,1.7531967573993494,-13.0,-13.0,no,no,63,0,2,32,32,False,13.355296325683582,1
GARAN.IS,6,2026-01-06 00:00:00,ABOVE_UPPER,208.04552639385614,0.3991953054071619,7.0,7.0,no,no,63,0,2,32,32,False,13.792623901367193,1
GARAN.IS,6,2026-01-21 00:00:00,MIDDLE,107.66089977674103,0.06623512464066976,14.8,14.8,no,no,63,0,2,32,32,False,12.821852874755862,1
GARAN.IS,7,2026-01-30 00:00:00,ABOVE_UPPER,293.1909038424317,0.4339720613753377,1.0,1.0,no,no,63,0,0,0,0,False,13.89835281372072,1
GARAN.IS,7,2026-02-02 00:00:00,ABOVE_UPPER,206.76309203192332,1.686444000818117,-1.0,-1.0,no,no,63,0,1,0,0,False,14.080973052978493,1
GARAN.IS,7,2026-02-03 00:00:00,ABOVE_UPPER,221.18444815931204,0.6666703657670439,-3.0,-3.0,no,no,63,0,2,0,0,False,14.25398216247558,1
GARAN.IS,7,2026-02-04 00:00:00,MIDDLE,185.38810891091268,5.01237038291816,10.0,10.0,no,no,63,0,2,0,0,False,14.374126434326172,1
GUBRF.IS,2,2024-11-05 00:00:00,ABOVE_UPPER,191.90424415932344,1.3164095401652298,-1.0,-1.0,no,no,63,0,1,7,7,False,21.974998474121094,1
GUBRF.IS,2,2024-11-06 00:00:00,MIDDLE,175.6445673244346,3.215131466552157,8.0,8.0,no,no,63,0,1,7,7,False,22.454998016357422,1
GUBRF.IS,2,2024-11-22 00:00:00,ABOVE_UPPER,213.26093200732578,3.529414424189815,34.2,10.0,YES,YES,63,4,1,7,7,False,24.28499832153321,1
GUBRF.IS,2,2024-11-25 00:00:00,MIDDLE,157.9803541390769,6.786519597085674,1.3000000000000007,1.3000000000000007,no,no,63,5,1,7,7,False,24.294998168945312,1
GUBRF.IS,2,2024-11-26 00:00:00,ABOVE_UPPER,231.90473535780222,2.1030016723108904,22.799999999999997,22.799999999999997,no,no,63,5,1,7,7,False,24.759998321533203,1
GUBRF.IS,2,2024-11-27 00:00:00,ABOVE_UPPER,220.86471941483893,2.408604775705645,11.2,11.2,no,no,63,5,1,7,7,False,25.214997863769526,1
GUBRF.IS,2,2024-11-28 00:00:00,ABOVE_UPPER,188.93902534274977,1.6870518334165026,18.0,18.0,no,no,63,5,1,7,7,False,26.329998779296886,1
GUBRF.IS,2,2024-11-29 00:00:00,ABOVE_UPPER,208.88632384328025,2.0080321285140563,18.0,18.0,no,no,63,5,1,7,7,False,27.98999938964846,1
GUBRF.IS,2,2024-12-03 00:00:00,ABOVE_UPPER,167.641622698693,1.5717092337917484,12.0,12.0,no,no,63,5,1,7,7,False,29.659999084472673,1
GUBRF.IS,2,2024-12-04 00:00:00,ABOVE_UPPER,162.72692461626116,1.3307984790874523,18.0,18.0,no,no,63,5,1,7,7,False,31.31499938964845,1
GUBRF.IS,2,2024-12-05 00:00:00,MIDDLE,150.0257525006459,1.7142857142857144,19.0,19.0,no,no,63,5,1,7,7,False,32.92499923706055,1
GUBRF.IS,2,2024-12-31 00:00:00,MIDDLE,60.16176722136691,0.8710801393728222,25.799999999999997,10.0,YES,YES,63,7,3,7,7,False,82.53750076293946,1
GUBRF.IS,2,2025-01-02 00:00:00,MIDDLE,155.62075277715084,2.1853146853146854,4.199999999999999,4.199999999999999,no,no,63,7,3,7,7,False,82.71250076293944,1
GUBRF.IS,2,2025-01-09 00:00:00,MIDDLE,131.8106587222785,0.9499136442141624,-1.0,-1.0,no,no,63,8,4,7,7,False,80.35250091552734,1
GUBRF.IS,2,2025-01-10 00:00:00,MIDDLE,161.77777777777777,1.2886597938144329,-3.0,-3.0,no,no,63,8,5,7,7,False,79.93750076293946,1
GUBRF.IS,3,2025-03-14 00:00:00,MIDDLE,114.78309602620017,0.317208564631245,23.0,23.0,no,no,63,5,2,12,12,False,2.412499999999966,1
GUBRF.IS,4,2025-07-17 00:00:00,MIDDLE,120.86010453434587,0.7263934744108325,19.799999999999997,19.799999999999997,no,no,63,0,1,38,38,False,-49.90499877929685,-1
GUBRF.IS,4,2025-07-21 00:00:00,MIDDLE,152.75728094987394,0.6951340615690168,26.6,10.0,YES,YES,63,0,1,38,38,False,-46.102499389648415,-1
GUBRF.IS,4,2025-07-22 00:00:00,MIDDLE,183.9386135828078,0.8875739644970414,2.0,2.0,no,no,63,0,1,38,38,False,-44.11999969482423,-1
GUBRF.IS,4,2025-07-23 00:00:00,MIDDLE,173.949905830998,2.0710059171597637,6.0,6.0,no,no,63,1,1,38,38,False,-42.33249969482421,-1
GUBRF.IS,4,2025-07-24 00:00:00,MIDDLE,164.92522174626973,1.1684518013631937,4.0,4.0,no,no,63,1,1,38,38,False,-40.20999984741209,-1
GUBRF.IS,5,2025-08-04 00:00:00,ABOVE_UPPER,177.85570972104787,0.7462686567164178,3.0,3.0,no,no,63,0,0,0,0,False,-22.25500030517577,-1
GUBRF.IS,5,2025-08-05 00:00:00,MIDDLE,165.24000995595156,2.6615969581749046,8.0,8.0,no,no,63,0,0,0,0,False,-19.502500152587885,-1
GUBRF.IS,5,2025-08-18 00:00:00,MIDDLE,108.10685108162394,0.7220216606498195,14.2,14.2,no,no,63,0,0,2,2,False,14.222499847412138,1
GUBRF.IS,5,2025-08-22 00:00:00,MIDDLE,161.2753063885269,1.6622922134733158,6.0,6.0,no,no,63,1,0,2,2,False,29.089999389648455,1
GUBRF.IS,5,2025-08-25 00:00:00,MIDDLE,190.08061807200002,2.9084687767322497,0.6999999999999993,0.6999999999999993,no,no,63,1,0,2,2,False,32.83749923706057,1
GUBRF.IS,5,2025-08-26 00:00:00,MIDDLE,189.3966253984,1.9491525423728815,1.8000000000000007,1.8000000000000007,no,no,63,1,0,2,2,False,37.11749877929688,1
GUBRF.IS,5,2025-09-22 00:00:00,ABOVE_UPPER,136.6135760333714,0.644122383252818,8.600000000000001,8.600000000000001,no,no,63,6,0,2,2,False,39.26249999999999,1
GUBRF.IS,5,2025-09-25 00:00:00,MIDDLE,128.745056628776,0.5622489959839357,21.0,21.0,no,no,63,7,0,2,2,False,39.57499999999999,1
GUBRF.IS,5,2025-10-24 00:00:00,ABOVE_UPPER,202.12907518296745,0.24410089503661514,1.0,1.0,no,no,63,9,0,2,2,False,7.262499999999989,1
GUBRF.IS,6,2025-10-27 00:00:00,ABOVE_UPPER,216.23222748815198,0.974025974025974,-3.0,-3.0,no,no,63,0,1,0,0,False,6.9500000000000455,1
GUBRF.IS,6,2025-10-28 00:00:00,MIDDLE,179.5512052204021,1.3843648208469055,2.0,2.0,no,no,63,0,1,0,0,False,6.912500000000023,1
GUBRF.IS,6,2025-10-30 00:00:00,MIDDLE,166.52518392756068,0.8,8.0,8.0,no,no,63,0,1,0,0,False,7.162500000000023,1
GUBRF.IS,6,2025-10-31 00:00:00,MIDDLE,153.29229762219458,0.0,2.0,2.0,no,no,63,0,1,0,0,False,8.1875,1
GUBRF.IS,6,2025-11-19 00:00:00,ABOVE_UPPER,188.00164969385534,0.6681514476614699,3.0,3.0,no,no,63,1,2,0,0,False,26.67500000000001,1
GUBRF.IS,6,2025-11-20 00:00:00,ABOVE_UPPER,191.79104477611978,0.962962962962963,1.0,1.0,no,no,63,1,2,0,0,False,28.4375,1
GUBRF.IS,6,2025-11-21 00:00:00,MIDDLE,157.6965275924445,2.696629213483146,14.0,14.0,no,no,63,2,2,0,0,False,29.462499999999977,1
GUBRF.IS,6,2025-12-15 00:00:00,MIDDLE,113.88270230141084,0.6607929515418502,2.0,2.0,no,no,63,5,3,0,0,False,34.89999999999998,1
GUBRF.IS,6,2025-12-23 00:00:00,MIDDLE,91.82672896118106,0.8849557522123894,0.1999999999999993,0.1999999999999993,no,no,63,5,3,0,0,False,38.987499999999955,1
GUBRF.IS,6,2025-12-24 00:00:00,MIDDLE,137.30870568319864,0.14316392269148173,4.0,4.0,no,no,63,5,3,0,0,False,38.85000000000002,1
GUBRF.IS,6,2025-12-25 00:00:00,MIDDLE,161.23996431757362,2.4216524216524213,8.0,8.0,no,no,63,5,3,0,0,False,38.94999999999999,1
GUBRF.IS,6,2025-12-26 00:00:00,ABOVE_UPPER,164.09698288892918,0.0,-1.0,-1.0,no,no,63,5,4,0,0,False,39.625,1
GUBRF.IS,6,2026-01-05 00:00:00,MIDDLE,138.40155945419122,0.8264462809917356,7.199999999999999,7.199999999999999,no,no,63,6,4,0,0,False,45.9375,1
GUBRF.IS,6,2026-01-06 00:00:00,MIDDLE,140.97031515627063,0.47748976807639837,1.0,1.0,no,no,63,6,4,0,0,False,47.17500000000001,1
GUBRF.IS,6,2026-01-08 00:00:00,MIDDLE,113.173244451178,0.8904109589041096,16.0,16.0,no,no,63,6,4,0,0,False,48.19999999999999,1
GUBRF.IS,6,2026-01-09 00:00:00,MIDDLE,141.70633467594286,0.20013342228152103,21.0,21.0,no,no,63,6,4,0,0,False,48.4375,1
GUBRF.IS,6,2026-01-12 00:00:00,MIDDLE,166.27398182430127,0.8513425016371972,23.0,23.0,no,no,63,6,4,0,0,False,48.587500000000034,1
GUBRF.IS,6,2026-01-19 00:00:00,MIDDLE,130.98543137410425,0.4557291666666667,29.799999999999997,10.0,YES,YES,63,7,4,0,0,False,45.80000000000001,1
GUBRF.IS,6,2026-01-20 00:00:00,ABOVE_UPPER,209.11472518351337,0.30959752321981426,12.0,12.0,no,no,63,7,4,0,0,False,48.19999999999999,1
GUBRF.IS,6,2026-01-21 00:00:00,ABOVE_UPPER,257.00802929990135,1.5767131594906003,4.0,4.0,no,no,63,7,4,0,0,False,51.28750000000002,1
GUBRF.IS,6,2026-01-22 00:00:00,ABOVE_UPPER,256.4190738193492,0.8680555555555556,6.0,6.0,no,no,63,7,4,0,0,False,54.26249999999999,1
GUBRF.IS,6,2026-01-23 00:00:00,ABOVE_UPPER,241.13786840100775,0.16731734523145567,16.0,16.0,no,no,63,7,4,0,0,False,58.72500000000002,1
GUBRF.IS,7,2026-01-26 00:00:00,ABOVE_UPPER,222.563798012262,0.5353319057815845,18.0,18.0,no,no,63,0,0,0,0,False,64.125,1
GUBRF.IS,7,2026-01-27 00:00:00,ABOVE_UPPER,203.9234298370512,0.7261410788381742,16.0,16.0,no,no,63,0,0,0,0,False,70.77499999999998,1
GUBRF.IS,7,2026-01-28 00:00:00,ABOVE_UPPER,202.48736135939873,0.09765625,14.8,14.8,no,no,63,0,0,0,0,False,78.42500000000001,1
GUBRF.IS,7,2026-01-29 00:00:00,ABOVE_UPPER,173.6284175792899,3.2289628180039136,20.0,20.0,no,no,63,1,0,0,0,False,86.375,1
ISCTR.IS,2,2024-11-14 00:00:00,MIDDLE,170.08191693747852,1.1857739431249845,11.600000000000001,11.600000000000001,no,no,63,1,1,3,3,False,-1.3060800552368175,-1
ISCTR.IS,2,2024-11-15 00:00:00,MIDDLE,183.15520348991126,1.729554313962927,13.0,13.0,no,no,63,1,1,3,3,False,-1.2900138854980465,-1
ISCTR.IS,2,2024-11-18 00:00:00,ABOVE_UPPER,176.44726183078797,0.8474623592522055,2.6000000000000014,2.6000000000000014,no,no,63,1,1,3,3,False,-1.2285846233367916,-1
ISCTR.IS,2,2024-11-21 00:00:00,MIDDLE,131.34173783880777,0.4545486400278972,29.6,10.0,YES,YES,63,1,1,3,3,False,-1.1543969154357914,-1
ISCTR.IS,2,2024-11-22 00:00:00,ABOVE_UPPER,160.92089955287906,0.8088209822929395,2.0,2.0,no,no,63,1,1,3,3,False,-1.1161217212677013,-1
ISCTR.IS,2,2024-11-25 00:00:00,MIDDLE,150.31791638647994,2.740739893030233,15.0,15.0,no,no,63,1,1,3,3,False,-1.0806818008422852,-1
ISCTR.IS,2,2025-01-09 00:00:00,ABOVE_UPPER,151.12990820190365,0.6215480347590573,17.599999999999994,17.599999999999994,no,no,63,8,1,9,9,False,1.7393922805786133,1
ISCTR.IS,2,2025-01-20 00:00:00,MIDDLE,88.5910865285257,0.9701975805986618,12.2,12.2,no,no,63,9,1,9,9,False,1.664259672164917,1
ISCTR.IS,2,2025-01-21 00:00:00,MIDDLE,136.8246159524877,0.7523916384287905,1.0,1.0,no,no,63,9,1,9,9,False,1.668985033035277,1
ISCTR.IS,2,2025-01-22 00:00:00,ABOVE_UPPER,177.55270573611637,0.06743242706192233,1.0,1.0,no,no,63,9,1,9,9,False,1.6670949459075928,1
ISCTR.IS,3,2025-01-28 00:00:00,MIDDLE,126.45730912143404,0.7437509427936556,17.8,17.8,no,no,63,2,0,0,0,False,1.507378959655762,1
ISCTR.IS,3,2025-02-20 00:00:00,MIDDLE,100.95503695408237,0.8771970279017444,6.0,6.0,no,no,63,7,0,0,0,False,0.5547532558441155,1
ISCTR.IS,3,2025-02-26 00:00:00,ABOVE_UPPER,148.6646565475421,0.06587137685438367,3.0,3.0,no,no,63,7,0,0,0,False,0.5788525104522702,1
ISCTR.IS,3,2025-02-27 00:00:00,ABOVE_UPPER,196.05310801713813,0.9162326293806206,3.0,3.0,no,no,63,7,0,0,0,False,0.6072044372558594,1
ISCTR.IS,3,2025-02-28 00:00:00,MIDDLE,167.2437459589057,1.9775885908113573,6.0,6.0,no,no,63,7,0,0,0,False,0.648787355422975,1
ISCTR.IS,3,2025-03-03 00:00:00,ABOVE_UPPER,226.48941150022108,3.591686531877093,0.8999999999999986,0.8999999999999986,no,no,63,7,0,0,0,False,0.7551072120666511,1
ISCTR.IS,3,2025-03-04 00:00:00,ABOVE_UPPER,184.2773258040823,3.65701124853537,13.0,13.0,no,no,63,7,0,0,0,False,0.8614270210266124,1
ISCTR.IS,3,2025-03-05 00:00:00,MIDDLE,158.95279816599276,2.8142677031532344,7.599999999999998,7.599999999999998,no,no,63,7,0,0,0,False,0.9597138404846195,1
ISCTR.IS,3,2025-03-14 00:00:00,MIDDLE,88.47611135299739,0.7970672264516859,6.0,6.0,no,no,63,8,0,0,0,False,1.4185429096221913,1
ISCTR.IS,4,2025-06-03 00:00:00,MIDDLE,133.32405154385236,0.9674552135832071,31.8,10.0,YES,YES,63,9,4,0,0,False,-3.2901085853576664,-1
ISCTR.IS,4,2025-06-04 00:00:00,MIDDLE,170.45227428193652,0.0,9.0,9.0,no,no,63,9,4,0,0,False,-3.0500098228454604,-1
ISCTR.IS,4,2025-06-05 00:00:00,MIDDLE,160.20177052235414,0.6129561513392943,19.0,19.0,no,no,63,9,4,0,0,False,-2.8042057037353523,-1
ISCTR.IS,4,2025-06-10 00:00:00,ABOVE_UPPER,242.4752581312646,0.503781867215857,10.0,10.0,no,no,63,9,4,0,0,False,-2.5297563076019287,-1
ISCTR.IS,4,2025-06-11 00:00:00,ABOVE_UPPER,224.93226641845456,1.0092504801858346,4.0,4.0,no,no,63,9,4,0,0,False,-2.239398956298828,-1
ISCTR.IS,5,2025-08-04 00:00:00,MIDDLE,172.63250743488408,2.311753103425591,9.0,9.0,no,no,63,0,1,0,0,False,3.5373972415924086,1
ISCTR.IS,5,2025-08-05 00:00:00,ABOVE_UPPER,166.03597963032627,1.17569458556927,-8.0,-8.0,no,no,63,0,2,0,0,False,3.546987628936769,1
ISCTR.IS,6,2025-11-28 00:00:00,MIDDLE,154.33488643457065,0.6632288475453472,2.0,2.0,no,no,63,0,0,8,8,False,-1.506642389297486,-1
ISCTR.IS,6,2025-12-01 00:00:00,ABOVE_UPPER,185.89314630665953,0.8595980317419132,3.0,3.0,no,no,63,0,0,8,8,False,-1.4351943969726566,-1
ISCTR.IS,6,2025-12-02 00:00:00,MIDDLE,173.47713825282256,2.159821667713374,12.0,12.0,no,no,63,0,0,8,8,False,-1.3632668495178226,-1
ISCTR.IS,6,2025-12-03 00:00:00,MIDDLE,155.0728173986745,2.5936574474714815,6.0,6.0,no,no,63,0,0,8,8,False,-1.2903803348541256,-1
ISCTR.IS,6,2026-01-02 00:00:00,MIDDLE,146.4501602136477,0.4867785570594468,-20.8,-20.8,no,no,63,3,1,12,12,False,1.5756928443908702,1
ISCTR.IS,6,2026-01-05 00:00:00,MIDDLE,170.7901636068518,1.1118821653562503,5.100000000000001,5.100000000000001,no,no,63,3,1,12,12,False,1.5536351203918457,1
ISCTR.IS,6,2026-01-06 00:00:00,ABOVE_UPPER,205.6455986773671,0.7513637574975548,-9.0,-9.0,no,no,63,3,2,12,12,False,1.5536351680755622,1
ISCTR.IS,6,2026-01-07 00:00:00,MIDDLE,163.07995665703203,2.2884898111713174,10.0,10.0,no,no,63,3,2,12,12,False,1.5497990608215328,1
ISCTR.IS,6,2026-01-14 00:00:00,MIDDLE,96.82756849800654,0.7513637574975548,1.0,1.0,no,no,63,3,2,12,12,False,1.5171919822692868,1
ISCTR.IS,6,2026-01-21 00:00:00,MIDDLE,99.76954846014063,0.13450207073030512,29.6,10.0,YES,YES,63,5,3,12,12,False,1.524864292144775,1
ISCTR.IS,6,2026-01-23 00:00:00,MIDDLE,156.2454541797087,0.13158196062266503,11.600000000000001,11.600000000000001,no,no,63,6,3,12,12,False,1.5680207729339593,1
ISCTR.IS,7,2026-01-26 00:00:00,MIDDLE,197.74820679054554,0.9156333791500348,11.0,11.0,no,no,63,0,0,0,0,False,1.6083002090454102,1
ISCTR.IS,7,2026-01-27 00:00:00,MIDDLE,158.06772902632497,2.593087147435497,13.0,13.0,no,no,63,0,0,0,0,False,1.632755613327026,1
ISCTR.IS,7,2026-01-28 00:00:00,ABOVE_UPPER,199.63614082825012,1.0342588535897945,8.600000000000001,8.600000000000001,no,no,63,0,0,0,0,False,1.6754326820373535,1
ISCTR.IS,7,2026-01-29 00:00:00,ABOVE_UPPER,290.618286806644,3.3210270638221564,24.0,24.0,no,no,63,0,0,0,0,False,1.7420855522155758,1
ISCTR.IS,7,2026-01-30 00:00:00,ABOVE_UPPER,250.80062053709196,1.080434014552172,16.0,16.0,no,no,63,0,0,0,0,False,1.831755208969117,1
ISCTR.IS,7,2026-02-02 00:00:00,ABOVE_UPPER,206.41967922124695,1.7814681374242507,16.0,16.0,no,no,63,0,0,0,0,False,1.8921743869781498,1
ISCTR.IS,7,2026-02-03 00:00:00,ABOVE_UPPER,212.7361081036068,0.40092557756837044,18.0,18.0,no,no,63,0,0,0,0,False,1.9487573146820072,1
ISCTR.IS,7,2026-02-04 00:00:00,MIDDLE,166.00148862345043,2.9964792351824956,21.0,21.0,no,no,63,0,0,0,0,False,1.9712945938110344,1
ISCTR.IS,7,2026-02-12 00:00:00,MIDDLE,120.01756866232103,0.16529304284324553,2.0,2.0,no,no,63,1,0,0,0,False,2.2546891212463382,1
KCHOL.IS,2,2024-11-14 00:00:00,MIDDLE,184.45568946652025,1.7837854333825933,1.0,1.0,no,no,63,0,1,0,0,False,-10.255074310302746,-1
KCHOL.IS,2,2024-11-15 00:00:00,MIDDLE,181.83065752485862,1.4001091239140946,11.0,11.0,no,no,63,0,1,0,0,False,-9.849845123291004,-1
KCHOL.IS,2,2024-11-18 00:00:00,ABOVE_UPPER,183.0247616976381,0.8479099784800153,3.0,3.0,no,no,63,0,1,0,0,False,-8.951892852783203,-1
KCHOL.IS,2,2024-11-21 00:00:00,MIDDLE,114.32838917380265,0.9013843890143213,4.599999999999998,4.599999999999998,no,no,63,1,1,0,0,False,-7.459912872314447,-1
KCHOL.IS,2,2024-11-22 00:00:00,MIDDLE,129.06373016022303,0.05146209117656155,4.199999999999999,4.199999999999999,no,no,63,1,1,0,0,False,-6.529727172851551,-1
KCHOL.IS,2,2024-11-26 00:00:00,MIDDLE,127.07778288862072,0.3030294773147213,13.0,13.0,no,no,63,1,1,0,0,False,-4.135187530517584,-1
KCHOL.IS,2,2024-11-28 00:00:00,MIDDLE,115.44874090619541,0.44776369802080296,5.0,5.0,no,no,63,1,1,0,0,False,-0.14735870361329262,-1
KCHOL.IS,3,2025-03-06 00:00:00,ABOVE_UPPER,136.7852793176596,0.0,17.200000000000003,17.200000000000003,no,no,63,3,4,1,1,False,-27.73981018066408,-1
KCHOL.IS,3,2025-03-07 00:00:00,ABOVE_UPPER,186.31485797713586,0.0,16.0,16.0,no,no,63,3,4,1,1,False,-26.768180084228504,-1
KCHOL.IS,3,2025-03-10 00:00:00,MIDDLE,174.00991451883627,2.2261295370204346,8.0,8.0,no,no,63,3,4,1,1,False,-25.460393524169945,-1
KCHOL.IS,3,2025-03-11 00:00:00,ABOVE_UPPER,165.56204965322334,0.5160603135156272,8.8,8.8,no,no,63,3,4,1,1,False,-24.13418807983396,-1
KCHOL.IS,3,2025-03-12 00:00:00,ABOVE_UPPER,189.40092151801596,1.105583232437494,18.0,18.0,no,no,63,3,4,1,1,False,-22.27381591796876,-1
KCHOL.IS,3,2025-03-13 00:00:00,ABOVE_UPPER,175.9624229915573,0.0,6.0,6.0,no,no,63,3,4,1,1,False,-20.60224456787111,-1
KCHOL.IS,3,2025-03-14 00:00:00,MIDDLE,151.27443160195946,1.1995704908654423,9.0,9.0,no,no,63,3,4,1,1,False,-19.211570739746094,-1
KCHOL.IS,4,2025-05-12 00:00:00,ABOVE_UPPER,153.08418623894548,0.5844197959945394,-2.0,-2.0,no,no,63,4,3,0,0,False,-7.422866058349626,-1
KCHOL.IS,4,2025-05-13 00:00:00,ABOVE_UPPER,165.22204887361283,0.5178013279985864,5.0,5.0,no,no,63,4,3,0,0,False,-8.098770904540999,-1
KCHOL.IS,4,2025-05-14 00:00:00,MIDDLE,165.84747204669722,2.20778824447037,5.0,5.0,no,no,63,5,3,0,0,False,-8.797268676757795,-1
KCHOL.IS,4,2025-05-16 00:00:00,ABOVE_UPPER,137.9751453603123,0.314465408805033,8.0,8.0,no,no,63,5,3,0,0,False,-9.80245132446288,-1
KCHOL.IS,5,2025-08-21 00:00:00,MIDDLE,133.31149385994414,0.5379236325079352,3.0,3.0,no,no,63,1,0,8,8,False,31.984119415283203,1
KCHOL.IS,5,2025-08-22 00:00:00,MIDDLE,144.74985244438085,0.6441207346136308,1.0,1.0,no,no,63,1,0,8,8,False,32.62033157348634,1
KCHOL.IS,5,2025-08-25 00:00:00,ABOVE_UPPER,190.19912299923385,0.5288207127040492,-2.0,-2.0,no,no,63,1,1,8,8,False,33.55537109374998,1
KCHOL.IS,5,2025-08-26 00:00:00,ABOVE_UPPER,180.9579549210683,0.05252421571505509,15.0,15.0,no,no,63,1,1,8,8,False,34.003610992431646,1
KCHOL.IS,6,2026-01-06 00:00:00,ABOVE_UPPER,227.34416808175655,0.05401990352751444,10.0,10.0,no,no,63,0,0,33,33,False,8.044226837158192,1
KCHOL.IS,6,2026-01-07 00:00:00,MIDDLE,191.59908334824118,1.693992406292696,6.0,6.0,no,no,63,0,0,33,33,False,8.347874450683577,1
KCHOL.IS,6,2026-01-12 00:00:00,ABOVE_UPPER,164.03537467066315,0.5291005291005296,7.0,7.0,no,no,63,0,0,33,33,False,8.998545074462896,1
KCHOL.IS,6,2026-01-13 00:00:00,MIDDLE,155.00653317506956,2.1287919797398396,20.0,20.0,no,no,63,0,0,33,33,False,8.743094635009754,1
KCHOL.IS,6,2026-01-14 00:00:00,ABOVE_UPPER,158.1705538359879,0.205652388937971,1.5999999999999979,1.5999999999999979,no,no,63,0,0,33,33,False,9.01300354003908,1
KCHOL.IS,6,2026-01-15 00:00:00,MIDDLE,150.77914818897355,0.5107252218661462,21.0,21.0,no,no,63,0,0,33,33,False,9.374487304687506,1
KCHOL.IS,6,2026-01-23 00:00:00,MIDDLE,99.65322724396519,0.7067106781172026,0.1999999999999993,0.1999999999999993,no,no,63,1,0,33,33,False,15.32210617065428,1
KCHOL.IS,7,2026-01-26 00:00:00,MIDDLE,91.33223735157101,0.3016572316276519,1.0,1.0,no,no,63,0,0,0,0,False,16.941555786132824,1
KCHOL.IS,7,2026-01-28 00:00:00,MIDDLE,108.79163713891056,0.942925010662226,8.0,8.0,no,no,63,1,0,0,0,False,19.89608688354494,1
KCHOL.IS,7,2026-01-30 00:00:00,MIDDLE,156.48305451299183,1.0110766174151418,6.0,6.0,no,no,63,1,0,0,0,False,23.539846801757818,1
KCHOL.IS,7,2026-02-03 00:00:00,MIDDLE,145.10135982638624,0.7177033492823068,8.0,8.0,no,no,63,1,0,0,0,False,25.689472198486328,1
KCHOL.IS,7,2026-02-09 00:00:00,MIDDLE,110.83932780447748,0.6657146193858926,3.799999999999997,3.799999999999997,no,no,63,1,1,0,0,False,28.272879791259754,1
KCHOL.IS,7,2026-02-12 00:00:00,ABOVE_UPPER,182.38492848739486,1.7647031205811694,21.799999999999997,21.799999999999997,no,no,63,2,1,0,0,False,29.94052658081054,1
KCHOL.IS,7,2026-02-13 00:00:00,ABOVE_UPPER,199.89074178819916,0.6263943507277597,4.0,4.0,no,no,63,2,1,0,0,False,31.073177337646484,1
KCHOL.IS,7,2026-02-16 00:00:00,ABOVE_UPPER,199.72579311160567,2.2767884390694753,12.0,12.0,no,no,63,2,1,0,0,False,32.34078140258791,1
KRDMD.IS,1,2024-09-20 00:00:00,ABOVE_UPPER,194.45104296981253,1.1737134220558907,3.0,3.0,no,no,63,3,1,17,17,False,-8.045000171661378,-1
KRDMD.IS,1,2024-09-23 00:00:00,MIDDLE,170.14985020701246,3.351955987586859,6.0,6.0,no,no,63,3,1,17,17,False,-8.015000152587888,-1
KRDMD.IS,1,2024-09-24 00:00:00,ABOVE_UPPER,175.7477810252581,1.7843253383268678,-1.0,-1.0,no,no,63,3,2,17,17,False,-7.791000175476075,-1
KRDMD.IS,1,2024-09-25 00:00:00,ABOVE_UPPER,171.06433071536767,1.5255588724412195,13.0,13.0,no,no,63,3,2,17,17,False,-7.635000228881836,-1
KRDMD.IS,1,2024-09-26 00:00:00,MIDDLE,151.61817616711576,3.0511104704786143,10.0,10.0,no,no,63,3,2,17,17,False,-7.44900016784668,-1
KRDMD.IS,1,2024-09-27 00:00:00,MIDDLE,138.91599513330252,0.9716002490957378,17.0,17.0,no,no,63,3,2,17,17,False,-7.212000179290772,-1
KRDMD.IS,2,2024-12-12 00:00:00,MIDDLE,153.3708742291867,3.071677642709716,17.8,17.8,no,no,63,0,0,33,33,False,1.322000122070314,1
KRDMD.IS,2,2024-12-13 00:00:00,ABOVE_UPPER,186.1585212376942,0.787400835704065,0.1999999999999993,0.1999999999999993,no,no,63,0,0,33,33,False,1.4670001029968276,1
KRDMD.IS,2,2024-12-16 00:00:00,MIDDLE,159.08072083631643,3.018107403557365,2.5,2.5,no,no,63,0,0,33,33,False,1.6199999809265115,1
KRDMD.IS,3,2025-03-07 00:00:00,ABOVE_UPPER,252.79150448918136,1.2017683449745737,7.0,7.0,no,no,63,0,1,24,24,False,0.05900001525878906,1
KRDMD.IS,3,2025-03-10 00:00:00,ABOVE_UPPER,196.00182307566013,1.1264099520154993,13.0,13.0,no,no,63,0,1,24,24,False,0.45399999618530273,1
KRDMD.IS,3,2025-03-11 00:00:00,MIDDLE,172.6841671411027,2.7500033378601074,0.8999999999999986,0.8999999999999986,no,no,63,0,1,24,24,False,0.8529999732971199,1
KRDMD.IS,3,2025-03-12 00:00:00,MIDDLE,153.98118454017506,0.9785923160799752,0.5999999999999979,0.5999999999999979,no,no,63,0,1,24,24,False,1.3189999580383294,1
KRDMD.IS,3,2025-03-18 00:00:00,MIDDLE,102.22642760842695,0.5906696967935363,17.0,17.0,no,no,63,0,1,24,24,False,2.8439999580383315,1
KRDMD.IS,4,2025-07-01 00:00:00,MIDDLE,163.83800673277275,0.6541363890005711,1.0,1.0,no,no,63,3,8,8,8,False,-2.400999832153321,-1
KRDMD.IS,4,2025-07-02 00:00:00,ABOVE_UPPER,241.12935645748144,2.474862237212209,7.300000000000004,7.300000000000004,no,no,63,3,8,8,8,False,-1.932999801635745,-1
KRDMD.IS,4,2025-07-03 00:00:00,ABOVE_UPPER,213.1952447170081,2.6336185639540948,2.0,2.0,no,no,63,3,8,8,8,False,-1.5429998397827163,-1
KRDMD.IS,4,2025-07-04 00:00:00,ABOVE_UPPER,182.53965384694035,1.2223059247289423,8.599999999999998,8.599999999999998,no,no,63,3,8,8,8,False,-1.2499998092651374,-1
KRDMD.IS,5,2025-08-20 00:00:00,MIDDLE,138.15396986140118,0.7472802627839165,3.0,3.0,no,no,63,0,1,14,14,False,5.090999698638917,1
KRDMD.IS,5,2025-08-21 00:00:00,ABOVE_UPPER,204.78646312740875,0.1320162261866258,12.0,12.0,no,no,63,0,1,14,14,False,5.292999649047854,1
KRDMD.IS,5,2025-08-22 00:00:00,ABOVE_UPPER,246.16836422030306,1.1031802594241713,6.0,6.0,no,no,63,0,1,14,14,False,5.50499963760376,1
KRDMD.IS,5,2025-08-25 00:00:00,ABOVE_UPPER,234.6972614627591,1.2828724009469454,4.0,4.0,no,no,63,0,1,14,14,False,5.735999774932864,1
KRDMD.IS,5,2025-08-26 00:00:00,MIDDLE,167.18465953505333,3.6089251902561514,10.1,10.1,no,no,63,1,1,14,14,False,5.883999729156496,1
KRDMD.IS,6,2025-12-15 00:00:00,ABOVE_UPPER,211.13361463758832,3.4558772071424033,3.0,3.0,no,no,63,0,0,17,17,False,-1.8599997520446756,-1
KRDMD.IS,6,2025-12-16 00:00:00,ABOVE_UPPER,250.86847485069634,0.3526039209061009,19.0,19.0,no,no,63,0,0,17,17,False,-1.4329997062683084,-1
KRDMD.IS,6,2025-12-17 00:00:00,ABOVE_UPPER,215.07775403592058,2.691218962611712,3.0,3.0,no,no,63,0,0,17,17,False,-1.091999721527099,-1
KRDMD.IS,6,2025-12-18 00:00:00,MIDDLE,157.18578154323188,3.571428571428571,6.0,6.0,no,no,63,0,0,17,17,False,-0.7849997520446763,-1
KRDMD.IS,6,2026-01-16 00:00:00,ABOVE_UPPER,160.88528975864782,1.1871513960673454,2.599999999999998,2.599999999999998,no,no,63,1,0,29,29,False,0.5939997673034689,1
KRDMD.IS,6,2026-01-19 00:00:00,ABOVE_UPPER,214.47501827202078,2.0618569539668954,1.0,1.0,no,no,63,1,0,29,29,False,0.7259998321533203,1
KRDMD.IS,7,2026-01-26 00:00:00,MIDDLE,115.12472821263177,0.3378391222330155,1.0,1.0,no,no,63,0,0,0,0,False,1.995999908447267,1
KRDMD.IS,7,2026-02-11 00:00:00,ABOVE_UPPER,151.26298917318923,0.9009031123965326,3.0,3.0,no,no,63,1,0,0,0,False,3.6469997406005845,1
KRDMD.IS,7,2026-02-12 00:00:00,ABOVE_UPPER,188.015102312448,0.5728844835732179,-11.0,-11.0,no,no,63,1,1,0,0,False,3.6919997215271003,1
KRDMD.IS,7,2026-02-13 00:00:00,ABOVE_UPPER,185.24731875610436,1.5873015873015872,-9.0,-9.0,no,no,63,1,2,0,0,False,3.7069997787475586,1
KRDMD.IS,7,2026-02-16 00:00:00,ABOVE_UPPER,205.3877683178885,2.1263299403044003,13.0,13.0,no,no,63,1,2,0,0,False,3.7289997100830057,1
KRDMD.IS,7,2026-02-18 00:00:00,MIDDLE,157.08545856562168,4.851918775311505,5.1,5.1,no,no,63,2,2,0,0,False,3.8509998321533203,1
KRDMD.IS,7,2026-04-07 00:00:00,MIDDLE,193.80563746774934,3.1698606962393177,12.0,12.0,no,no,63,2,6,0,0,False,1.5329999923706055,1
KRDMD.IS,7,2026-04-08 00:00:00,ABOVE_UPPER,194.19441079422677,2.326931972676649,9.0,9.0,no,no,63,2,6,0,0,False,1.536999988555909,1
KRDMD.IS,7,2026-04-09 00:00:00,ABOVE_UPPER,216.7924340585491,3.053432177116767,8.599999999999998,8.599999999999998,no,no,63,2,6,0,0,False,1.6510000228881836,1
KRDMD.IS,7,2026-04-10 00:00:00,MIDDLE,194.7904415057243,8.698070185783163,20.0,20.0,no,no,63,3,6,0,0,False,1.755000019073485,1
MGROS.IS,1,2024-11-08 00:00:00,ABOVE_UPPER,208.65883746090861,0.21869874248222543,1.0,1.0,no,no,63,5,0,38,38,False,-76.0224899291992,-1
MGROS.IS,1,2024-11-11 00:00:00,MIDDLE,187.87010537755683,1.8242122719734692,11.0,11.0,no,no,63,6,0,38,38,False,-74.27109680175784,-1
MGROS.IS,1,2024-11-12 00:00:00,MIDDLE,151.4626901899361,1.880525216358712,16.0,16.0,no,no,63,7,0,38,38,False,-72.49554595947268,-1
MGROS.IS,1,2024-11-14 00:00:00,ABOVE_UPPER,159.4473575323732,0.1063829787234033,16.0,16.0,no,no,63,7,0,38,38,False,-69.5287826538086,-1
MGROS.IS,1,2024-11-15 00:00:00,MIDDLE,153.01445983501813,2.075572112825963,13.0,13.0,no,no,63,7,0,38,38,False,-67.93421936035156,-1
MGROS.IS,2,2024-11-25 00:00:00,MIDDLE,99.79324921621397,0.15584415584415412,13.0,13.0,no,no,63,1,0,0,0,False,-48.82594146728519,-1
MGROS.IS,2,2024-11-26 00:00:00,MIDDLE,111.5643282304986,0.0,11.0,11.0,no,no,63,1,0,0,0,False,-43.059176635742176,-1
MGROS.IS,2,2024-11-27 00:00:00,MIDDLE,113.08987750248771,0.8726899383983513,5.0,5.0,no,no,63,1,0,0,0,False,-36.48291473388673,-1
MGROS.IS,2,2024-12-03 00:00:00,MIDDLE,135.51789957428213,0.35317860746720425,-2.0,-2.0,no,no,63,1,3,0,0,False,-9.019415283203102,-1
MGROS.IS,2,2024-12-04 00:00:00,MIDDLE,129.87587342468743,0.5047955577990897,-10.0,-10.0,no,no,63,1,4,0,0,False,-2.9720657348632926,-1
MGROS.IS,2,2024-12-27 00:00:00,MIDDLE,120.7575628455524,0.18691588785047705,6.0,6.0,no,no,63,3,4,6,6,False,90.5423583984375,1
MGROS.IS,2,2024-12-30 00:00:00,MIDDLE,141.23875750246532,0.09276437847867039,8.0,8.0,no,no,63,3,4,6,6,False,94.62913360595701,1
MGROS.IS,2,2024-12-31 00:00:00,MIDDLE,167.72212617858622,3.2906764168190175,17.299999999999997,17.299999999999997,no,no,63,3,4,6,6,False,99.02956542968752,1
MGROS.IS,2,2025-01-22 00:00:00,ABOVE_UPPER,219.15524179295355,0.5286343612334901,6.0,6.0,no,no,63,4,4,6,6,False,87.28888854980465,1
MGROS.IS,2,2025-01-23 00:00:00,MIDDLE,168.0970569598888,2.2401303089521214,25.0,25.0,no,no,63,4,4,6,6,False,85.9690933227539,1
MGROS.IS,2,2025-01-29 00:00:00,ABOVE_UPPER,164.79481297177497,0.6034482758620587,28.200000000000003,10.0,YES,YES,63,4,4,6,6,False,74.79331054687498,1
MGROS.IS,2,2025-01-30 00:00:00,MIDDLE,187.42308837018132,2.6816608996539784,4.5,4.5,no,no,63,4,4,6,6,False,73.78284759521489,1
MGROS.IS,2,2025-01-31 00:00:00,MIDDLE,161.60999532570932,1.4530024129899628,4.599999999999998,4.599999999999998,no,no,63,4,4,6,6,False,73.25823059082029,1
MGROS.IS,3,2025-03-05 00:00:00,MIDDLE,102.03656620176153,0.7556644466633238,4.0,4.0,no,no,63,1,3,0,0,False,50.79910278320307,1
MGROS.IS,3,2025-05-05 00:00:00,MIDDLE,161.76005195157174,0.8016032064128277,-11.0,-11.0,no,no,63,5,7,23,23,False,-85.95370025634764,-1
MGROS.IS,3,2025-05-07 00:00:00,MIDDLE,115.80115342891612,0.3992043064163858,-3.6000000000000005,-3.6000000000000005,no,no,63,6,8,23,23,False,-84.70165405273434,-1
MGROS.IS,3,2025-05-12 00:00:00,ABOVE_UPPER,311.62649930449754,1.0251630941286254,-3.0,-3.0,no,no,63,6,9,23,23,False,-70.05390930175776,-1
MGROS.IS,3,2025-05-13 00:00:00,ABOVE_UPPER,230.61197772592,1.022304832713765,11.0,11.0,no,no,63,6,9,23,23,False,-64.83906707763674,-1
MGROS.IS,3,2025-05-14 00:00:00,MIDDLE,156.74678509868153,2.5471715719442423,8.0,8.0,no,no,63,7,9,23,23,False,-59.84302978515632,-1
MGROS.IS,4,2025-07-22 00:00:00,MIDDLE,161.9183889534737,0.7692307692307665,-4.0,-4.0,no,no,63,0,2,17,17,False,-7.323974609375,-1
MGROS.IS,4,2025-07-24 00:00:00,ABOVE_UPPER,166.6666026021147,0.09354536950420926,3.0,3.0,no,no,63,0,2,17,17,False,-4.021943664550747,-1
MGROS.IS,4,2025-07-25 00:00:00,MIDDLE,156.41886290060495,0.7532982064051131,2.0,2.0,no,no,63,0,2,17,17,False,-1.1325561523437386,-1
MGROS.IS,4,2025-08-08 00:00:00,MIDDLE,94.87393025617838,0.0,4.599999999999998,4.599999999999998,no,no,63,1,2,25,25,False,20.969970703125,1
MGROS.IS,4,2025-08-11 00:00:00,MIDDLE,122.10444450085761,0.9174311926605496,5.0,5.0,no,no,63,1,2,25,25,False,26.409254455566384,1
MGROS.IS,5,2025-10-03 00:00:00,MIDDLE,192.15207759205134,1.4316012725344651,20.0,20.0,no,no,63,0,4,3,3,False,-72.18106842041016,-1
MGROS.IS,5,2025-11-06 00:00:00,MIDDLE,138.97607679010113,0.7974403695136291,9.2,9.2,no,no,63,0,6,3,3,False,-27.339070129394543,-1
MGROS.IS,5,2025-11-07 00:00:00,ABOVE_UPPER,307.9067525723911,1.0020040080160255,7.0,7.0,no,no,63,0,6,3,3,False,-21.188395690917957,-1
MGROS.IS,5,2025-11-10 00:00:00,ABOVE_UPPER,260.7395091431705,1.485148514851489,29.0,10.0,YES,YES,63,0,6,3,3,False,-14.865158081054688,-1
MGROS.IS,5,2025-11-11 00:00:00,MIDDLE,168.7025937883134,3.5353550094562682,0.10000000000000142,0.10000000000000142,no,no,63,1,6,3,3,False,-10.242907714843795,-1
MGROS.IS,5,2025-11-12 00:00:00,ABOVE_UPPER,181.76122865456256,2.0812685827552015,7.0,7.0,no,no,63,1,6,3,3,False,-5.03217926025394,-1
MGROS.IS,6,2025-12-12 00:00:00,MIDDLE,122.93767576992295,0.9380863039399501,1.0,1.0,no,no,63,0,0,7,7,False,71.39676055908205,1
MGROS.IS,6,2025-12-15 00:00:00,ABOVE_UPPER,198.74761060327234,0.0,-13.0,-13.0,no,no,63,0,1,7,7,False,74.54251556396486,1
MGROS.IS,6,2025-12-16 00:00:00,ABOVE_UPPER,249.51011986980618,0.0,13.0,13.0,no,no,63,0,1,7,7,False,77.5543060302735,1
MGROS.IS,6,2025-12-17 00:00:00,MIDDLE,181.0601392008426,3.1481481481481577,0.3000000000000007,0.3000000000000007,no,no,63,0,1,7,7,False,78.88911743164067,1
MGROS.IS,6,2025-12-18 00:00:00,MIDDLE,154.2927819620084,2.3897044259583144,7.1,7.1,no,no,63,0,1,7,7,False,79.75734252929692,1
MGROS.IS,6,2026-01-06 00:00:00,ABOVE_UPPER,201.74443675247736,0.0,20.0,20.0,no,no,63,0,3,7,7,False,81.05052947998053,1
MGROS.IS,6,2026-01-07 00:00:00,ABOVE_UPPER,224.96249370365615,0.08605851979345722,-15.0,-15.0,no,no,63,0,4,7,7,False,81.78740997314458,1
MGROS.IS,6,2026-01-08 00:00:00,ABOVE_UPPER,220.8117254528113,0.5102040816326435,-5.0,-5.0,no,no,63,0,5,7,7,False,81.85259399414059,1
MGROS.IS,6,2026-01-09 00:00:00,ABOVE_UPPER,206.52476894128168,1.0979729729729777,7.0,7.0,no,no,63,0,5,7,7,False,81.94098510742185,1
MGROS.IS,6,2026-01-12 00:00:00,MIDDLE,176.55746190993762,2.1978021978021913,0.8999999999999986,0.8999999999999986,no,no,63,1,5,7,7,False,81.23709564208986,1
MGROS.IS,6,2026-01-13 00:00:00,ABOVE_UPPER,166.9737766000451,1.234567901234569,16.0,16.0,no,no,63,1,5,7,7,False,80.39995727539059,1
MGROS.IS,6,2026-01-16 00:00:00,ABOVE_UPPER,155.59341208987485,0.23094688221708398,9.2,9.2,no,no,63,1,5,7,7,False,79.79943695068363,1
MGROS.IS,6,2026-02-03 00:00:00,MIDDLE,156.84386975707488,1.9877675840978617,8.2,8.2,no,no,63,2,5,7,7,False,102.26308898925788,1
MGROS.IS,6,2026-02-04 00:00:00,MIDDLE,179.28637852317758,0.6028636021100173,10.200000000000003,10.200000000000003,no,no,63,2,5,7,7,False,104.94048004150386,1
MGROS.IS,6,2026-02-09 00:00:00,ABOVE_UPPER,167.5283910137285,0.44742729306487294,20.799999999999997,20.799999999999997,no,no,63,2,6,7,7,False,111.66997680664065,1
MGROS.IS,6,2026-02-11 00:00:00,MIDDLE,130.2887707672598,0.0741839762611274,8.0,8.0,no,no,63,2,6,7,7,False,113.50755004882808,1
MGROS.IS,6,2026-02-12 00:00:00,MIDDLE,139.17170269487377,0.44182621502209185,8.0,8.0,no,no,63,2,6,7,7,False,116.11492004394529,1
MGROS.IS,6,2026-02-13 00:00:00,MIDDLE,147.8075214027969,0.8739985433357603,17.0,17.0,no,no,63,2,6,7,7,False,117.2075317382812,1
MGROS.IS,6,2026-02-16 00:00:00,MIDDLE,152.4928126680917,0.5035971223021615,17.0,17.0,no,no,63,2,6,7,7,False,119.7652404785157,1
MGROS.IS,7,2026-05-13 00:00:00,MIDDLE,151.62863191901587,2.0,34.8,10.0,YES,YES,63,5,2,28,28,False,20.324224853515602,1
MGROS.IS,7,2026-05-14 00:00:00,ABOVE_UPPER,185.54894749292345,0.4143646408839779,12.0,12.0,no,no,63,5,2,28,28,False,29.432394409179665,1
PETKM.IS,1,2024-07-26 00:00:00,MIDDLE,121.5315656542966,0.15515518663050742,21.0,21.0,no,no,63,0,0,0,0,False,2.9550001144409173,1
PETKM.IS,1,2024-07-29 00:00:00,MIDDLE,122.90922086968747,0.153968114827382,17.0,17.0,no,no,63,0,0,0,0,False,3.1350000381469734,1
PETKM.IS,2,2024-12-05 00:00:00,MIDDLE,176.68695770429247,0.8895869746956426,-1.0,-1.0,no,no,63,8,5,0,0,False,-3.7135001182556167,-1
PETKM.IS,2,2024-12-06 00:00:00,MIDDLE,162.9553521575923,0.9414141732556813,17.0,17.0,no,no,63,8,5,0,0,False,-3.4835000038146973,-1
PETKM.IS,2,2024-12-09 00:00:00,MIDDLE,178.89091486304466,0.8213544721353787,3.0,3.0,no,no,63,8,5,0,0,False,-3.226000022888183,-1
PETKM.IS,3,2025-03-06 00:00:00,ABOVE_UPPER,177.7608139783122,0.28490681813587587,33.0,10.0,YES,YES,63,3,2,2,2,False,-1.811499977111815,-1
PETKM.IS,3,2025-03-07 00:00:00,ABOVE_UPPER,239.37169486364937,0.33802516023877643,8.0,8.0,no,no,63,3,2,2,2,False,-1.7444999694824226,-1
PETKM.IS,3,2025-03-10 00:00:00,ABOVE_UPPER,260.9496155609199,1.659287822602229,1.3000000000000043,1.3000000000000043,no,no,63,3,2,2,2,False,-1.6099999427795417,-1
PETKM.IS,3,2025-03-11 00:00:00,ABOVE_UPPER,212.98673760082247,1.5469545491475785,1.0,1.0,no,no,63,3,2,2,2,False,-1.4899999618530266,-1
PETKM.IS,3,2025-03-12 00:00:00,ABOVE_UPPER,182.38354079454018,0.8228174563731917,1.0,1.0,no,no,63,3,2,2,2,False,-1.348499965667724,-1
PETKM.IS,3,2025-03-13 00:00:00,MIDDLE,154.18630618226257,1.369112797734663,4.0,4.0,no,no,63,3,2,2,2,False,-1.247499942779541,-1
PETKM.IS,4,2025-05-12 00:00:00,ABOVE_UPPER,240.06179191611815,0.0,29.0,10.0,YES,YES,63,0,1,0,0,False,-0.27500009536743164,-1
PETKM.IS,4,2025-05-13 00:00:00,ABOVE_UPPER,285.84945279868117,0.0,17.0,17.0,no,no,63,0,1,0,0,False,-0.24399995803833008,-1
PETKM.IS,4,2025-05-14 00:00:00,ABOVE_UPPER,225.4581263011167,1.0503069787450299,1.0,1.0,no,no,63,0,1,0,0,False,-0.2449999809265151,-1
PETKM.IS,4,2025-05-15 00:00:00,MIDDLE,158.99833064642695,3.2768355859083798,6.0,6.0,no,no,63,0,1,0,0,False,-0.28499994277954244,-1
PETKM.IS,5,2025-10-10 00:00:00,MIDDLE,134.18151533406677,0.7164758602298111,6.0,6.0,no,no,63,2,0,22,22,False,0.9364998817443819,1
PETKM.IS,5,2025-10-14 00:00:00,MIDDLE,125.47094270253736,0.8040193491417075,8.0,8.0,no,no,63,2,1,22,22,False,1.0069998741149888,1
PETKM.IS,5,2025-10-15 00:00:00,ABOVE_UPPER,210.0909373081058,0.0,3.0,3.0,no,no,63,2,1,22,22,False,1.0474999427795417,1
PETKM.IS,6,2026-01-23 00:00:00,ABOVE_UPPER,201.8135311058579,1.2799190783164596,1.0,1.0,no,no,63,0,0,16,16,False,-0.06700019836425852,-1
PETKM.IS,7,2026-02-16 00:00:00,MIDDLE,155.9280293833177,0.5138765990462865,2.0,2.0,no,no,63,0,0,15,15,False,1.1089998245239272,1
PETKM.IS,7,2026-03-13 00:00:00,ABOVE_UPPER,156.10255919479883,3.1777622462392845,35.2,10.0,YES,YES,63,1,0,15,15,False,1.5829998970031767,1
PETKM.IS,7,2026-03-16 00:00:00,MIDDLE,153.9979514852502,4.949502461346808,1.1999999999999993,1.1999999999999993,no,no,63,1,0,15,15,False,1.5724999427795403,1
PETKM.IS,7,2026-03-17 00:00:00,ABOVE_UPPER,162.01076675649523,2.163227781498493,7.0,7.0,no,no,63,1,0,15,15,False,1.6090000152587898,1
PETKM.IS,7,2026-04-07 00:00:00,ABOVE_UPPER,163.63651039916124,1.8248157716151892,1.1999999999999993,1.1999999999999993,no,no,63,11,0,15,15,False,2.025000000000002,1
PETKM.IS,7,2026-04-13 00:00:00,ABOVE_UPPER,197.46278990342955,1.2612557192534122,14.0,14.0,no,no,63,14,0,15,15,False,2.200500011444092,1
PETKM.IS,7,2026-04-14 00:00:00,MIDDLE,159.74251619218393,1.9038988506884051,13.0,13.0,no,no,63,15,0,15,15,False,2.211000061035154,1
PGSUS.IS,2,2024-11-11 00:00:00,MIDDLE,105.82086836562003,0.9836040559362192,17.0,17.0,no,no,63,0,0,0,0,False,8.930001068115217,1
PGSUS.IS,3,2025-02-07 00:00:00,MIDDLE,102.38707434558688,0.2093802318300764,7.199999999999999,7.199999999999999,no,no,63,0,0,11,11,False,1.7550003051757699,1
PGSUS.IS,3,2025-02-11 00:00:00,MIDDLE,87.86159112374617,0.6307821617956502,8.0,8.0,no,no,63,0,0,11,11,False,5.580000305175787,1
PGSUS.IS,3,2025-02-12 00:00:00,MIDDLE,104.2799176536763,0.5462197696461397,-4.0,-4.0,no,no,63,0,1,11,11,False,7.25500030517577,1
PGSUS.IS,3,2025-02-13 00:00:00,ABOVE_UPPER,184.30263313540866,0.36659629184699594,3.0,3.0,no,no,63,0,1,11,11,False,8.695000457763655,1
PGSUS.IS,3,2025-02-18 00:00:00,MIDDLE,170.3143222967726,0.8093888913795316,8.600000000000001,8.600000000000001,no,no,63,0,1,11,11,False,12.500000762939436,1
PGSUS.IS,3,2025-03-04 00:00:00,MIDDLE,151.62042695757722,0.3972194637537239,0.1999999999999993,0.1999999999999993,no,no,63,0,2,11,11,False,19.202500915527338,1
PGSUS.IS,3,2025-03-05 00:00:00,ABOVE_UPPER,279.2192446656709,0.0,1.0,1.0,no,no,63,0,2,11,11,False,21.522500610351585,1
PGSUS.IS,3,2025-03-06 00:00:00,ABOVE_UPPER,305.4611926465375,0.0,-5.0,-5.0,no,no,63,0,3,11,11,False,23.81000061035155,1
PGSUS.IS,3,2025-03-10 00:00:00,ABOVE_UPPER,187.645024626953,0.9033423667570009,12.0,12.0,no,no,63,0,3,11,11,False,28.817501068115234,1
PGSUS.IS,5,2025-08-11 00:00:00,ABOVE_UPPER,165.46171288160212,0.18248175182481752,5.0,5.0,no,no,63,1,0,0,0,False,10.09500045776366,1
PGSUS.IS,7,2026-04-10 00:00:00,ABOVE_UPPER,227.77411639533895,1.1677347549384942,-4.0,-4.0,no,no,63,1,4,15,15,False,-25.139999389648438,-1
PGSUS.IS,7,2026-04-14 00:00:00,MIDDLE,151.23993424096352,1.8706573414346002,33.6,10.0,YES,YES,63,1,4,15,15,False,-26.179999542236317,-1
PGSUS.IS,7,2026-04-15 00:00:00,MIDDLE,151.95128029873158,1.221456725694058,6.0,6.0,no,no,63,1,4,15,15,False,-26.93499908447268,-1
PGSUS.IS,7,2026-04-17 00:00:00,ABOVE_UPPER,166.69015553515823,0.5586623349993235,2.599999999999998,2.599999999999998,no,no,63,1,4,15,15,False,-26.089999389648455,-1
SAHOL.IS,2,2024-11-27 00:00:00,MIDDLE,152.2043063197272,2.0285104829943323,16.6,16.6,no,no,63,1,0,22,22,False,-9.988851547241211,-1
SAHOL.IS,2,2025-01-03 00:00:00,MIDDLE,156.08051972691177,0.5876576719765307,20.0,20.0,no,no,63,4,1,33,33,False,12.74586982727051,1
SAHOL.IS,2,2025-01-06 00:00:00,ABOVE_UPPER,222.1254173881177,0.956937799043057,14.0,14.0,no,no,63,4,1,33,33,False,13.490882110595706,1
SAHOL.IS,2,2025-01-07 00:00:00,MIDDLE,187.18500250508086,2.6264610024657533,18.0,18.0,no,no,63,4,1,33,33,False,13.735265350341791,1
SAHOL.IS,3,2025-03-05 00:00:00,ABOVE_UPPER,216.91975370886982,0.3741829000648511,7.800000000000001,7.800000000000001,no,no,63,0,0,0,0,False,0.6216358184814368,1
SAHOL.IS,3,2025-03-06 00:00:00,ABOVE_UPPER,200.41761935204377,1.0213613135423443,3.0,3.0,no,no,63,0,0,0,0,False,0.81144828796387,1
SAHOL.IS,3,2025-03-07 00:00:00,MIDDLE,178.2175146627322,1.968147212722905,12.0,12.0,no,no,63,0,0,0,0,False,1.0226131439208928,1
SAHOL.IS,4,2025-06-10 00:00:00,ABOVE_UPPER,217.8383155303021,0.6686967194623807,5.6,5.6,no,no,63,8,0,0,0,False,-10.590308380126956,-1
SAHOL.IS,4,2025-06-11 00:00:00,ABOVE_UPPER,294.5278956672541,1.0149235511893604,9.0,9.0,no,no,63,8,0,0,0,False,-8.906532669067374,-1
SAHOL.IS,4,2025-06-12 00:00:00,MIDDLE,167.99128630028173,3.8036795809166914,6.0,6.0,no,no,63,8,0,0,0,False,-7.614498519897467,-1
SAHOL.IS,5,2025-08-04 00:00:00,MIDDLE,198.40088155615945,1.3041210431917554,-12.0,-12.0,no,no,63,0,1,3,3,False,14.519239044189447,1
SAHOL.IS,5,2025-08-07 00:00:00,MIDDLE,176.88847617971325,1.1819053036130374,24.799999999999997,24.799999999999997,no,no,63,0,2,3,3,False,13.968093872070312,1
SAHOL.IS,5,2025-08-11 00:00:00,MIDDLE,156.35465266775904,0.4042461225017894,14.0,14.0,no,no,63,0,2,3,3,False,14.408518218994132,1
SAHOL.IS,6,2025-12-01 00:00:00,ABOVE_UPPER,135.12987743594633,0.47003705411411123,3.0,3.0,no,no,63,2,1,0,0,False,-9.5392463684082,-1
SAHOL.IS,6,2025-12-02 00:00:00,MIDDLE,152.90915967793583,1.1785504042230344,2.0,2.0,no,no,63,2,1,0,0,False,-9.17263641357421,-1
SAHOL.IS,6,2025-12-09 00:00:00,MIDDLE,104.80322866744324,0.28918489998938224,2.0,2.0,no,no,63,2,2,0,0,False,-6.5005641937255945,-1
SAHOL.IS,6,2025-12-15 00:00:00,MIDDLE,97.99077238472991,0.40114438294681704,-13.0,-13.0,no,no,63,2,4,0,0,False,-1.641134262084961,-1
SAHOL.IS,6,2026-01-16 00:00:00,MIDDLE,108.50680306716583,0.5268703814126393,19.0,19.0,no,no,63,4,4,19,19,False,9.492497634887698,1
SAHOL.IS,7,2026-01-26 00:00:00,MIDDLE,118.10032507393511,0.0,21.0,21.0,no,no,63,0,0,0,0,False,12.705873107910165,1
SAHOL.IS,7,2026-01-27 00:00:00,MIDDLE,153.46772379456613,0.4965243447395363,8.0,8.0,no,no,63,0,0,0,0,False,13.394804763793942,1
SAHOL.IS,7,2026-01-28 00:00:00,ABOVE_UPPER,244.77806128113144,1.1385170122104378,3.0,3.0,no,no,63,0,0,0,0,False,14.263351058959955,1
SAHOL.IS,7,2026-01-29 00:00:00,ABOVE_UPPER,253.24142050003996,0.0,19.0,19.0,no,no,63,0,0,0,0,False,15.262302017211923,1
SAHOL.IS,7,2026-01-30 00:00:00,ABOVE_UPPER,214.92701478050628,1.1872173988655932,1.0,1.0,no,no,63,0,0,0,0,False,16.317844009399423,1
SAHOL.IS,7,2026-02-02 00:00:00,MIDDLE,151.59886254346173,2.4029646616973364,8.0,8.0,no,no,63,1,0,0,0,False,16.947724533081058,1
SAHOL.IS,7,2026-02-03 00:00:00,MIDDLE,146.93755194378474,0.9099180947368078,1.8000000000000007,1.8000000000000007,no,no,63,1,0,0,0,False,17.43981857299805,1
SASA.IS,1,2024-07-25 00:00:00,MIDDLE,152.58606030382225,4.385965059044991,15.0,15.0,no,no,63,0,0,0,0,False,-0.24462504386901873,-1
SASA.IS,2,2024-11-22 00:00:00,ABOVE_UPPER,220.72069019350468,1.9184633631266979,-8.0,-8.0,no,no,63,2,2,0,0,False,-0.6329999923706051,-1
SASA.IS,2,2024-11-25 00:00:00,ABOVE_UPPER,281.35715963502213,3.7825022858310713,4.199999999999999,4.199999999999999,no,no,63,2,2,0,0,False,-0.5850000023841857,-1
SASA.IS,2,2024-11-26 00:00:00,ABOVE_UPPER,223.11041393280198,2.8103017820867575,20.0,20.0,no,no,63,2,2,0,0,False,-0.5340000152587887,-1
SASA.IS,2,2024-11-27 00:00:00,ABOVE_UPPER,198.10933585474936,1.8561467463607977,17.0,17.0,no,no,63,2,2,0,0,False,-0.4770000219345092,-1
SASA.IS,2,2024-12-09 00:00:00,MIDDLE,119.45635155288353,0.2242096851827024,8.0,8.0,no,no,63,5,2,0,0,False,-0.1300000190734858,-1
SASA.IS,3,2025-03-06 00:00:00,ABOVE_UPPER,243.5898023714509,0.26809625769762824,13.8,13.8,no,no,63,4,6,5,5,False,-0.6345000624656683,-1
SASA.IS,3,2025-03-07 00:00:00,ABOVE_UPPER,281.54151411739923,1.072385030790513,-6.0,-6.0,no,no,63,4,7,5,5,False,-0.613000059127808,-1
SASA.IS,3,2025-03-10 00:00:00,MIDDLE,185.95632315902375,3.2786853209006517,1.0,1.0,no,no,63,4,7,5,5,False,-0.5815000414848326,-1
SASA.IS,3,2025-03-11 00:00:00,ABOVE_UPPER,186.8939824393153,0.0,14.600000000000001,14.600000000000001,no,no,63,4,7,5,5,False,-0.5470000505447388,-1
SASA.IS,3,2025-03-12 00:00:00,ABOVE_UPPER,189.97140201950714,0.5235597192677354,-4.0,-4.0,no,no,63,4,8,5,5,False,-0.51500004529953,-1
SASA.IS,3,2025-03-13 00:00:00,ABOVE_UPPER,179.00386347023002,0.5181404116228937,-4.0,-4.0,no,no,63,4,9,5,5,False,-0.48800005912780753,-1
SASA.IS,3,2025-03-14 00:00:00,ABOVE_UPPER,181.9934428983014,0.5063286249386676,-2.0,-2.0,no,no,63,4,10,5,5,False,-0.4560000658035279,-1
SASA.IS,3,2025-03-17 00:00:00,ABOVE_UPPER,176.38754222144146,0.24937036094549314,-4.0,-4.0,no,no,63,4,11,5,5,False,-0.42250006198883083,-1
SASA.IS,3,2025-04-11 00:00:00,MIDDLE,108.69103703909775,0.7518789804026501,2.0,2.0,no,no,63,4,17,5,5,False,-0.009500002861023038,-1
SASA.IS,5,2025-08-11 00:00:00,ABOVE_UPPER,277.2988609104357,2.6470562248494702,14.2,14.2,no,no,63,0,0,0,0,False,-0.26349996328353864,-1
SASA.IS,5,2025-08-12 00:00:00,MIDDLE,152.50063521266722,5.438068576099394,6.0,6.0,no,no,63,0,0,0,0,False,-0.2229999661445614,-1
SASA.IS,5,2025-08-13 00:00:00,ABOVE_UPPER,208.48316146684755,1.428570066179548,-3.0,-3.0,no,no,63,0,1,0,0,False,-0.1749999642372133,-1
SASA.IS,5,2025-08-15 00:00:00,ABOVE_UPPER,265.163164084911,0.0,13.0,13.0,no,no,63,0,1,0,0,False,-0.05299997329711914,-1
SASA.IS,7,2026-02-12 00:00:00,ABOVE_UPPER,149.87085918510144,0.7380066658666594,7.0,7.0,no,no,63,2,2,0,0,False,-0.44500001668930045,-1
SASA.IS,7,2026-02-13 00:00:00,MIDDLE,174.69444182446728,1.8518500530834543,7.199999999999999,7.199999999999999,no,no,63,3,2,0,0,False,-0.42000001668930054,-1
SASA.IS,7,2026-02-16 00:00:00,ABOVE_UPPER,185.30615335105145,0.7220209770479511,1.0,1.0,no,no,63,4,2,0,0,False,-0.38800002336502093,-1
SASA.IS,7,2026-04-10 00:00:00,ABOVE_UPPER,189.81476836368032,0.7633671839197399,-9.0,-9.0,no,no,63,9,2,0,0,False,-0.0690000057220459,-1
SASA.IS,7,2026-04-13 00:00:00,ABOVE_UPPER,216.14900102507627,2.6923143934218476,-3.0,-3.0,no,no,63,9,2,0,0,False,-0.07750000953674308,-1
SASA.IS,7,2026-04-14 00:00:00,ABOVE_UPPER,246.2398924302903,0.7352934086817846,-14.0,-14.0,no,no,63,9,2,0,0,False,-0.08400000333785984,-1
SASA.IS,7,2026-04-15 00:00:00,ABOVE_UPPER,312.74963001722017,0.0,-1.0,-1.0,no,no,63,9,2,0,0,False,-0.07050000429153469,-1
SISE.IS,3,2025-03-06 00:00:00,ABOVE_UPPER,165.45300981343237,0.4589502793813396,20.2,20.2,no,no,63,11,1,3,3,False,-5.592135810852049,-1
SISE.IS,3,2025-03-07 00:00:00,ABOVE_UPPER,208.9419817386921,1.1716834407443781,11.2,11.2,no,no,63,11,1,3,3,False,-5.424613952636719,-1
SISE.IS,3,2025-03-10 00:00:00,ABOVE_UPPER,183.5259997247623,1.3231564067647663,13.0,13.0,no,no,63,11,1,3,3,False,-5.149606895446773,-1
SISE.IS,3,2025-03-11 00:00:00,MIDDLE,172.9454394087674,2.2177446102500262,27.9,10.0,YES,YES,63,11,1,3,3,False,-4.898808097839357,-1
SISE.IS,3,2025-03-12 00:00:00,ABOVE_UPPER,173.20806805985166,0.9891234902632366,1.0,1.0,no,no,63,11,1,3,3,False,-4.622832679748534,-1
SISE.IS,3,2025-03-14 00:00:00,MIDDLE,129.46669441816263,0.3439766667380874,4.0,4.0,no,no,63,11,1,3,3,False,-4.0921854019165025,-1
SISE.IS,4,2025-05-12 00:00:00,ABOVE_UPPER,159.8341781666321,0.10661224690649224,20.200000000000003,20.200000000000003,no,no,63,2,1,0,0,False,-1.954098892211917,-1
SISE.IS,4,2025-05-13 00:00:00,MIDDLE,159.72221927055426,2.888276666370429,6.0,6.0,no,no,63,2,1,0,0,False,-2.116779136657712,-1
SISE.IS,4,2025-05-14 00:00:00,MIDDLE,175.0427433439386,1.1212012651027177,18.0,18.0,no,no,63,2,1,0,0,False,-2.2078025817871136,-1
SISE.IS,4,2025-06-30 00:00:00,ABOVE_UPPER,186.61897848751312,0.4439507307092569,14.0,14.0,no,no,63,3,5,0,0,False,-1.7224486351013155,-1
SISE.IS,4,2025-07-01 00:00:00,ABOVE_UPPER,186.92761667996413,1.0000016954210003,-4.0,-4.0,no,no,63,3,6,0,0,False,-1.3623078346252484,-1
SISE.IS,4,2025-07-02 00:00:00,MIDDLE,185.08072404210318,2.260197691330007,25.0,25.0,no,no,63,3,6,0,0,False,-1.0326453208923354,-1
SISE.IS,4,2025-07-03 00:00:00,ABOVE_UPPER,189.76257757656234,1.4594619338576884,-4.0,-4.0,no,no,63,3,7,0,0,False,-0.7256688117981014,-1
SISE.IS,4,2025-07-04 00:00:00,MIDDLE,155.9121524734149,1.2951977640340138,1.0,1.0,no,no,63,3,7,0,0,False,-0.4430699348449707,-1
SISE.IS,5,2025-08-21 00:00:00,MIDDLE,142.23729134487644,0.7487124058430817,6.599999999999998,6.599999999999998,no,no,63,0,0,16,16,False,5.715246868133541,1
SISE.IS,5,2025-08-22 00:00:00,MIDDLE,143.00917559558866,0.18561910414619445,21.0,21.0,no,no,63,0,0,16,16,False,5.980655956268308,1
SISE.IS,5,2025-08-25 00:00:00,MIDDLE,156.00832751235842,1.1904772301525297,23.0,23.0,no,no,63,0,0,16,16,False,6.282985782623292,1
SISE.IS,6,2025-10-31 00:00:00,MIDDLE,133.00962911465695,0.8156690095560231,2.0,2.0,no,no,63,0,0,0,0,False,-5.780866241455072,-1
SISE.IS,6,2025-11-03 00:00:00,MIDDLE,151.20385609533093,1.2365566533292527,0.30000000000000426,0.30000000000000426,no,no,63,0,0,0,0,False,-5.602188491821288,-1
SISE.IS,6,2025-11-06 00:00:00,MIDDLE,117.4828437073131,0.6911274418195258,17.0,17.0,no,no,63,0,1,0,0,False,-4.847003746032712,-1
SISE.IS,6,2025-12-01 00:00:00,MIDDLE,132.13400518257086,0.905701580414919,4.0,4.0,no,no,63,0,3,0,0,False,-1.6080995559692326,-1
SISE.IS,6,2025-12-08 00:00:00,ABOVE_UPPER,286.4094063756925,0.0,19.0,19.0,no,no,63,0,3,0,0,False,-0.8943756103515597,-1
SISE.IS,6,2025-12-09 00:00:00,ABOVE_UPPER,312.11515400025075,3.549159508773112,25.0,25.0,no,no,63,0,3,0,0,False,-0.35932960510253764,-1
SISE.IS,7,2026-01-29 00:00:00,ABOVE_UPPER,371.390761988991,0.0,19.0,19.0,no,no,63,0,0,0,0,False,3.6090923309326115,1
SISE.IS,7,2026-01-30 00:00:00,ABOVE_UPPER,330.4298398669635,5.846153510795848,17.0,17.0,no,no,63,0,0,0,0,False,3.973358345031741,1
SISE.IS,7,2026-02-02 00:00:00,ABOVE_UPPER,204.8121677468813,6.1728455430257645,9.0,9.0,no,no,63,1,0,0,0,False,4.176715278625487,1
SISE.IS,7,2026-02-03 00:00:00,ABOVE_UPPER,183.2108233054982,4.287568853406993,4.0,4.0,no,no,63,1,0,0,0,False,4.181650924682614,1
SISE.IS,7,2026-02-04 00:00:00,MIDDLE,158.09552234179702,3.9274988110378413,4.399999999999999,4.399999999999999,no,no,63,1,0,0,0,False,4.179676628112794,1
SISE.IS,7,2026-02-05 00:00:00,MIDDLE,151.19845250590942,4.122841915706591,20.2,20.2,no,no,63,1,0,0,0,False,4.298137092590331,1
SISE.IS,7,2026-02-13 00:00:00,MIDDLE,102.1876226066328,0.5248250236743822,19.0,19.0,no,no,63,1,0,0,0,False,5.810481643676759,1
SISE.IS,7,2026-02-16 00:00:00,MIDDLE,112.81141273235437,0.19685490220520313,23.0,23.0,no,no,63,1,0,0,0,False,6.220157051086424,1
SISE.IS,7,2026-03-23 00:00:00,ABOVE_UPPER,122.14545476509137,0.0,26.799999999999997,10.0,YES,YES,63,5,5,0,0,False,4.119460678100587,1
SISE.IS,7,2026-03-24 00:00:00,MIDDLE,158.28982979142637,6.028669251987219,22.0,22.0,no,no,63,5,5,0,0,False,4.0207435607910185,1
TAVHL.IS,2,2024-11-28 00:00:00,MIDDLE,123.01671163703082,0.89126559714796,21.0,21.0,no,no,63,0,0,24,24,False,0.0993392944335767,1
TAVHL.IS,2,2024-12-11 00:00:00,MIDDLE,91.5807089587937,0.6167389861817267,-20.0,-20.0,no,no,63,0,2,24,24,False,34.82776870727537,1
TAVHL.IS,2,2024-12-13 00:00:00,MIDDLE,100.6822689111879,0.0,-1.0,-1.0,no,no,63,0,3,24,24,False,40.35093994140624,1
TAVHL.IS,2,2024-12-16 00:00:00,MIDDLE,129.18834008720094,0.6076388888888933,9.0,9.0,no,no,63,0,3,24,24,False,43.39563827514647,1
TAVHL.IS,2,2024-12-17 00:00:00,MIDDLE,145.02970128149744,0.0,-1.0,-1.0,no,no,63,0,4,24,24,False,46.340998077392555,1
TAVHL.IS,4,2025-06-11 00:00:00,MIDDLE,140.96702000408547,0.732006139258205,22.0,22.0,no,no,63,1,2,0,0,False,-18.201132202148443,-1
TAVHL.IS,4,2025-06-27 00:00:00,MIDDLE,124.57454986244099,0.7874015748031541,6.0,6.0,no,no,63,1,3,0,0,False,-4.929627990722679,-1
TAVHL.IS,4,2025-06-30 00:00:00,ABOVE_UPPER,155.33277149150624,0.5671077504725877,3.0,3.0,no,no,63,1,3,0,0,False,-1.681286621093733,-1
TAVHL.IS,5,2025-10-23 00:00:00,ABOVE_UPPER,196.31299639551992,0.5964214711729712,12.0,12.0,no,no,63,3,8,3,3,False,-22.22927780151366,-1
TAVHL.IS,5,2025-10-24 00:00:00,ABOVE_UPPER,255.39919096735824,0.959692898272557,19.0,19.0,no,no,63,3,8,3,3,False,-21.78225784301759,-1
TAVHL.IS,6,2025-10-27 00:00:00,ABOVE_UPPER,229.6903673276523,0.6673021925643454,6.0,6.0,no,no,63,0,0,0,0,False,-20.552954101562506,-1
TAVHL.IS,6,2025-10-28 00:00:00,MIDDLE,185.23869885426683,0.8563273073263553,7.0,7.0,no,no,63,0,0,0,0,False,-18.876632690429688,-1
TAVHL.IS,6,2025-10-31 00:00:00,MIDDLE,125.64461791858281,0.18867924528301463,1.5999999999999996,1.5999999999999996,no,no,63,1,0,0,0,False,-15.024816131591791,-1
TAVHL.IS,6,2025-11-03 00:00:00,MIDDLE,137.29374471160455,0.9293680297397774,5.0,5.0,no,no,63,1,0,0,0,False,-12.471839904785156,-1
TAVHL.IS,6,2025-11-05 00:00:00,MIDDLE,111.23278945327927,0.9191176470588197,9.0,9.0,no,no,63,1,0,0,0,False,-5.937907409667986,-1
TAVHL.IS,6,2025-11-06 00:00:00,MIDDLE,100.35243936436233,0.549450008661603,11.0,11.0,no,no,63,1,0,0,0,False,-3.2011558532715014,-1
TAVHL.IS,6,2025-11-21 00:00:00,MIDDLE,100.82813771217513,0.2739744748010992,-20.0,-20.0,no,no,63,1,3,4,4,False,23.13821640014649,1
TAVHL.IS,6,2025-11-27 00:00:00,MIDDLE,150.46306676877794,0.0,8.0,8.0,no,no,63,1,3,4,4,False,27.213542175292957,1
TAVHL.IS,6,2025-11-28 00:00:00,MIDDLE,129.67420037824803,0.7194255734562883,2.0,2.0,no,no,63,1,3,4,4,False,28.206917572021496,1
TAVHL.IS,6,2025-12-01 00:00:00,ABOVE_UPPER,163.4495745424342,0.0,-1.0,-1.0,no,no,63,1,4,4,4,False,29.543008422851585,1
TAVHL.IS,6,2025-12-09 00:00:00,MIDDLE,115.9518332358071,0.17241379310344923,19.0,19.0,no,no,63,4,4,4,4,False,34.57445678710937,1
TAVHL.IS,6,2025-12-11 00:00:00,MIDDLE,142.75093015855842,0.5025160165021431,4.599999999999998,4.599999999999998,no,no,63,4,4,4,4,False,39.7251152038574,1
TAVHL.IS,6,2025-12-12 00:00:00,MIDDLE,160.39049547560995,0.5770816158285276,17.0,17.0,no,no,63,4,4,4,4,False,42.91136932373047,1
TAVHL.IS,6,2025-12-15 00:00:00,ABOVE_UPPER,175.42015587329365,0.08045052292839364,18.0,18.0,no,no,63,4,4,4,4,False,46.345967102050764,1
TAVHL.IS,6,2026-01-02 00:00:00,MIDDLE,116.89718931329108,0.08045052292839364,0.6000000000000014,0.6000000000000014,no,no,63,7,4,4,4,False,49.86003265380859,1
TAVHL.IS,6,2026-01-05 00:00:00,MIDDLE,183.95059491086897,2.0866773675762462,17.0,17.0,no,no,63,7,4,4,4,False,49.59926986694336,1
TAVHL.IS,6,2026-01-06 00:00:00,MIDDLE,170.60926710846135,1.1933185419082144,16.300000000000004,16.300000000000004,no,no,63,7,4,4,4,False,49.87493133544922,1
TAVHL.IS,6,2026-01-07 00:00:00,MIDDLE,187.26854022013924,1.109350237717898,9.0,9.0,no,no,63,7,4,4,4,False,49.775593566894514,1
TAVHL.IS,6,2026-01-08 00:00:00,ABOVE_UPPER,200.54049531979618,0.5426356589147228,6.0,6.0,no,no,63,7,4,4,4,False,48.88155517578127,1
TAVHL.IS,6,2026-01-09 00:00:00,ABOVE_UPPER,181.70533018116234,0.07686395080707237,16.0,16.0,no,no,63,7,4,4,4,False,48.258212280273455,1
TAVHL.IS,6,2026-01-12 00:00:00,ABOVE_UPPER,180.99920180549648,1.9083969465648756,16.0,16.0,no,no,63,7,4,4,4,False,48.00241928100587,1
TAVHL.IS,7,2026-01-26 00:00:00,MIDDLE,128.83306547761504,0.37594692913090233,13.0,13.0,no,no,63,0,0,0,0,False,50.09099273681636,1
TAVHL.IS,7,2026-01-27 00:00:00,MIDDLE,125.61234542210256,0.5267118133935226,14.0,14.0,no,no,63,0,0,0,0,False,50.71185302734375,1
TAVHL.IS,7,2026-01-28 00:00:00,ABOVE_UPPER,202.31580424171057,0.0,14.0,14.0,no,no,63,0,0,0,0,False,52.2515869140625,1
TAVHL.IS,7,2026-01-29 00:00:00,MIDDLE,190.17182936881025,3.539823008849561,7.300000000000001,7.300000000000001,no,no,63,1,0,0,0,False,53.90307464599607,1
TAVHL.IS,7,2026-01-30 00:00:00,ABOVE_UPPER,167.6657601718531,0.9345777558441268,8.600000000000001,8.600000000000001,no,no,63,1,0,0,0,False,55.15721282958981,1
TAVHL.IS,7,2026-02-02 00:00:00,MIDDLE,156.95401439662177,2.3878437047756798,2.3000000000000043,2.3000000000000043,no,no,63,1,0,0,0,False,56.0885040283203,1
TAVHL.IS,7,2026-02-03 00:00:00,ABOVE_UPPER,191.08681617967238,0.4888268156424535,12.0,12.0,no,no,63,1,0,0,0,False,57.09429931640625,1
TAVHL.IS,7,2026-02-04 00:00:00,MIDDLE,161.30812010938087,1.1938202247191008,11.0,11.0,no,no,63,2,0,0,0,False,57.66549072265627,1
TAVHL.IS,7,2026-02-09 00:00:00,MIDDLE,142.85276108573464,0.6134969325153378,17.0,17.0,no,no,63,4,0,0,0,False,57.35505676269531,1
TCELL.IS,2,2024-12-13 00:00:00,ABOVE_UPPER,142.52053049014842,0.4166682561238659,3.0,3.0,no,no,63,0,0,28,28,False,4.484954071044925,1
TCELL.IS,2,2024-12-16 00:00:00,MIDDLE,171.84223589228742,1.8219676672545067,6.0,6.0,no,no,63,0,0,28,28,False,5.198237609863284,1
TCELL.IS,2,2025-01-03 00:00:00,ABOVE_UPPER,193.2392259982458,0.9137071328719902,5.0,5.0,no,no,63,1,0,28,28,False,10.105378723144526,1
TCELL.IS,2,2025-01-06 00:00:00,MIDDLE,178.61968186151842,1.837675454659736,-6.0,-6.0,no,no,63,1,0,28,28,False,10.040773773193365,1
TCELL.IS,2,2025-01-21 00:00:00,ABOVE_UPPER,156.6010081128258,0.6862715178844961,-7.0,-7.0,no,no,63,2,2,28,28,False,7.741660690307626,1
TCELL.IS,2,2025-01-22 00:00:00,ABOVE_UPPER,213.4864120450616,1.1428542364211352,13.0,13.0,no,no,63,2,2,28,28,False,8.114796447753903,1
TCELL.IS,3,2025-01-23 00:00:00,ABOVE_UPPER,214.115062087707,0.2824887574187228,16.0,16.0,no,no,63,0,0,0,0,False,8.468557739257818,1
TCELL.IS,3,2025-01-24 00:00:00,ABOVE_UPPER,193.12613481037369,1.3157908889112038,12.0,12.0,no,no,63,0,0,0,0,False,8.797773361206055,1
TCELL.IS,3,2025-01-28 00:00:00,ABOVE_UPPER,149.5291602528619,0.09182596209360802,18.0,18.0,no,no,63,0,0,0,0,False,9.579441833496105,1
TCELL.IS,3,2025-02-11 00:00:00,MIDDLE,72.25924929604295,0.9216592595539715,2.8000000000000007,2.8000000000000007,no,no,63,2,1,0,0,False,12.719461441040039,1
TCELL.IS,3,2025-03-14 00:00:00,MIDDLE,186.54038808817606,1.7367472572013227,8.0,8.0,no,no,63,6,2,0,0,False,9.333048248291021,1
TCELL.IS,3,2025-03-17 00:00:00,MIDDLE,180.6587338518151,1.828153539400915,4.0,4.0,no,no,63,7,2,0,0,False,9.196044540405282,1
TCELL.IS,4,2025-05-12 00:00:00,ABOVE_UPPER,225.0294732583592,0.8209369695339275,14.0,14.0,no,no,63,0,0,7,7,False,-13.464776229858387,-1
TCELL.IS,4,2025-05-14 00:00:00,MIDDLE,152.8207164713106,1.2364756714394545,5.800000000000001,5.800000000000001,no,no,63,0,0,7,7,False,-12.791777801513675,-1
TCELL.IS,4,2025-05-20 00:00:00,MIDDLE,125.34514340402875,0.1523631595009147,4.0,4.0,no,no,63,0,0,7,7,False,-12.36634712219238,-1
TCELL.IS,4,2025-05-22 00:00:00,MIDDLE,109.38384357954338,0.0,6.0,6.0,no,no,63,1,0,7,7,False,-11.07322807312012,-1
TCELL.IS,5,2025-08-25 00:00:00,MIDDLE,125.13388925668669,0.35335695939603495,8.0,8.0,no,no,63,0,0,8,8,False,3.74513130187988,1
TCELL.IS,5,2025-08-26 00:00:00,MIDDLE,130.31328384642018,0.20039773760173357,-4.0,-4.0,no,no,63,0,1,8,8,False,4.044030380249026,1
TCELL.IS,5,2025-10-02 00:00:00,MIDDLE,108.80714805175796,0.2958534692790142,6.0,6.0,no,no,63,2,1,15,15,False,1.4993476867675781,1
TCELL.IS,6,2026-01-16 00:00:00,ABOVE_UPPER,199.29574774289796,0.28328179229532024,1.0,1.0,no,no,63,1,0,10,10,False,2.843273162841797,1
TCELL.IS,6,2026-01-19 00:00:00,MIDDLE,204.13714904874212,2.8355386705729937,10.0,10.0,no,no,63,2,0,10,10,False,3.365300750732416,1
TCELL.IS,6,2026-01-22 00:00:00,ABOVE_UPPER,175.06815948010703,0.0,4.199999999999999,4.199999999999999,no,no,63,2,0,10,10,False,5.831394577026373,1
TCELL.IS,6,2026-01-23 00:00:00,ABOVE_UPPER,188.23383489036777,2.0390029788456103,0.5,0.5,no,no,63,2,0,10,10,False,6.833479309082037,1
TCELL.IS,7,2026-01-26 00:00:00,ABOVE_UPPER,169.1334778088665,0.4355400581083382,16.0,16.0,no,no,63,0,0,0,0,False,8.112812042236328,1
TCELL.IS,7,2026-01-27 00:00:00,MIDDLE,151.44712202049257,1.3111887937000408,17.0,17.0,no,no,63,1,0,0,0,False,9.213837814331058,1
TCELL.IS,7,2026-01-28 00:00:00,MIDDLE,142.68212899149344,0.5176863384140009,19.0,19.0,no,no,63,1,0,0,0,False,10.294575119018546,1
TCELL.IS,7,2026-02-03 00:00:00,MIDDLE,97.51940414921565,0.2531671322850738,4.0,4.0,no,no,63,2,0,0,0,False,14.322674179077154,1
TCELL.IS,7,2026-02-11 00:00:00,MIDDLE,115.69284943680263,0.9828047441712768,8.0,8.0,no,no,63,4,0,0,0,False,17.264638137817386,1
TCELL.IS,7,2026-02-12 00:00:00,MIDDLE,152.29361434916075,0.5649692813732369,-6.0,-6.0,no,no,63,4,1,0,0,False,17.90900382995605,1
TCELL.IS,7,2026-02-13 00:00:00,MIDDLE,173.8328990564756,1.3567413462392077,5.0,5.0,no,no,63,4,1,0,0,False,18.62379570007323,1
TCELL.IS,7,2026-02-16 00:00:00,MIDDLE,188.88295568587748,1.6470636106004903,7.0,7.0,no,no,63,4,1,0,0,False,19.399600982666016,1
TCELL.IS,7,2026-02-17 00:00:00,MIDDLE,164.38125604618006,2.857147701202877,9.0,9.0,no,no,63,4,1,0,0,False,20.224300765991202,1
THYAO.IS,2,2024-11-07 00:00:00,MIDDLE,155.5172890653693,0.08841732979664088,14.0,14.0,no,no,63,0,2,0,0,False,-23.054463195800736,-1
THYAO.IS,2,2024-11-08 00:00:00,ABOVE_UPPER,228.46725034009972,0.08613264427217371,8.0,8.0,no,no,63,0,2,0,0,False,-21.625769042968784,-1
THYAO.IS,2,2024-11-11 00:00:00,MIDDLE,203.6215047059678,1.1284722222222356,18.0,18.0,no,no,63,0,2,0,0,False,-20.673306274414074,-1
THYAO.IS,2,2024-11-12 00:00:00,MIDDLE,166.5442200900155,1.6579427415562054,16.0,16.0,no,no,63,0,2,0,0,False,-18.9149139404297,-1
THYAO.IS,2,2024-11-25 00:00:00,ABOVE_UPPER,127.45996538674173,1.3502109704641323,45.2,10.0,YES,YES,63,0,2,0,0,False,-12.198835754394509,-1
THYAO.IS,3,2025-01-24 00:00:00,MIDDLE,151.31247275836373,0.8899686007284189,2.0,2.0,no,no,63,0,0,0,0,False,12.467485046386741,1
THYAO.IS,3,2025-01-28 00:00:00,MIDDLE,125.95956949897324,0.32076984763432087,6.0,6.0,no,no,63,1,0,0,0,False,13.261199951171875,1
THYAO.IS,3,2025-01-29 00:00:00,MIDDLE,134.46630917748467,0.47923322683705244,6.0,6.0,no,no,63,1,0,0,0,False,14.103762817382858,1
THYAO.IS,3,2025-01-31 00:00:00,MIDDLE,138.24547787912863,0.23659305993689966,14.0,14.0,no,no,63,1,0,0,0,False,15.17833557128904,1
THYAO.IS,3,2025-02-07 00:00:00,MIDDLE,135.59235142427647,0.07757951900698835,17.2,17.2,no,no,63,2,0,0,0,False,16.15521697998048,1
THYAO.IS,3,2025-02-18 00:00:00,MIDDLE,132.28334877327748,0.6153846153846071,8.0,8.0,no,no,63,4,0,0,0,False,20.380244445800827,1
THYAO.IS,3,2025-03-06 00:00:00,ABOVE_UPPER,217.0750270138497,0.0,4.0,4.0,no,no,63,4,0,0,0,False,25.154760742187534,1
THYAO.IS,3,2025-03-07 00:00:00,ABOVE_UPPER,225.00659001394882,0.8190618019359693,-3.0,-3.0,no,no,63,4,1,0,0,False,26.058380126953125,1
THYAO.IS,3,2025-03-10 00:00:00,MIDDLE,176.34863027548005,1.7267267267267163,6.0,6.0,no,no,63,4,1,0,0,False,27.14516296386722,1
THYAO.IS,3,2025-03-13 00:00:00,MIDDLE,126.88996013914553,0.5181347150259065,18.0,18.0,no,no,63,4,1,0,0,False,29.26988525390624,1
THYAO.IS,3,2025-03-14 00:00:00,MIDDLE,111.11134388630491,0.7418397626112839,14.0,14.0,no,no,63,4,1,0,0,False,29.575161743164074,1
THYAO.IS,4,2025-07-01 00:00:00,MIDDLE,122.135804945292,0.6884681583476794,1.0,1.0,no,no,63,4,5,19,19,False,-35.1776008605957,-1
THYAO.IS,5,2025-08-15 00:00:00,MIDDLE,149.03085026822666,0.07552930139331843,17.0,17.0,no,no,63,0,0,12,12,False,29.237133026123047,1
THYAO.IS,5,2025-08-18 00:00:00,MIDDLE,143.71151293171462,0.3742514970059843,17.0,17.0,no,no,63,0,0,12,12,False,32.17432708740233,1
THYAO.IS,5,2025-08-19 00:00:00,MIDDLE,137.30705014792036,0.2954209748892133,19.0,19.0,no,no,63,0,0,12,12,False,35.57877120971682,1
THYAO.IS,5,2025-08-20 00:00:00,MIDDLE,126.48007635100211,0.5166051660516608,19.0,19.0,no,no,63,0,0,12,12,False,37.84784927368162,1
THYAO.IS,5,2025-08-25 00:00:00,MIDDLE,94.94151482727331,0.9608302409738732,10.8,10.8,no,no,63,1,0,12,12,False,45.25397567749019,1
THYAO.IS,5,2025-08-26 00:00:00,MIDDLE,101.37222858592548,0.8005822416302707,21.0,21.0,no,no,63,1,0,12,12,False,47.70944900512694,1
THYAO.IS,6,2026-01-07 00:00:00,ABOVE_UPPER,309.8384728340669,1.5477214101461736,6.300000000000004,6.300000000000004,no,no,63,2,1,15,15,False,-17.825000000000045,-1
THYAO.IS,6,2026-01-08 00:00:00,ABOVE_UPPER,239.61336272680995,0.4244482173174873,0.5999999999999979,0.5999999999999979,no,no,63,2,1,15,15,False,-14.924999999999955,-1
THYAO.IS,6,2026-01-09 00:00:00,MIDDLE,192.93415921082772,2.2298456260720414,10.0,10.0,no,no,63,2,1,15,15,False,-12.337500000000034,-1
THYAO.IS,7,2026-02-13 00:00:00,ABOVE_UPPER,160.4449864659867,1.00647016534867,18.0,18.0,no,no,63,0,0,13,13,False,39.30000000000001,1
THYAO.IS,7,2026-02-16 00:00:00,MIDDLE,150.93156244235394,1.3659237958303379,17.0,17.0,no,no,63,0,0,13,13,False,41.6875,1
TOASO.IS,2,2024-11-22 00:00:00,ABOVE_UPPER,210.43929227623522,0.24096385542168555,13.0,13.0,no,no,63,2,1,0,0,False,-26.388600158691418,-1
TOASO.IS,2,2024-11-25 00:00:00,MIDDLE,191.89067021540805,2.3334968998398056,2.0,2.0,no,no,63,3,1,0,0,False,-24.686672973632824,-1
TOASO.IS,2,2024-12-04 00:00:00,ABOVE_UPPER,150.01476148520476,3.0403771479735755,17.8,17.8,no,no,63,7,1,0,0,False,-12.136051177978516,-1
TOASO.IS,3,2025-04-21 00:00:00,ABOVE_UPPER,360.8854351484864,0.0,40.0,10.0,YES,YES,63,2,4,37,37,False,-30.658573150634766,-1
TOASO.IS,3,2025-04-22 00:00:00,ABOVE_UPPER,286.4508440723946,8.96551400343999,13.5,13.5,no,no,63,3,4,37,37,False,-28.871417236328142,-1
TOASO.IS,3,2025-04-24 00:00:00,ABOVE_UPPER,235.44435872181424,1.3235279158049886,34.6,10.0,YES,YES,63,3,4,37,37,False,-26.51632156372068,-1
TOASO.IS,4,2025-04-25 00:00:00,ABOVE_UPPER,199.6232855101855,2.65878568892416,12.0,12.0,no,no,63,0,0,0,0,False,-24.081135559082014,-1
TOASO.IS,4,2025-05-12 00:00:00,MIDDLE,93.2547467515316,0.1397312790042302,0.5999999999999979,0.5999999999999979,no,no,63,0,0,0,0,False,-1.0042846679687614,-1
TOASO.IS,5,2025-07-30 00:00:00,ABOVE_UPPER,184.11659021274363,1.2351138462507685,11.799999999999997,11.799999999999997,no,no,63,0,0,0,0,False,11.165618896484375,1
TOASO.IS,5,2025-07-31 00:00:00,ABOVE_UPPER,228.59057764083792,0.736567125547633,0.1999999999999993,0.1999999999999993,no,no,63,0,0,0,0,False,13.38283920288086,1
TOASO.IS,5,2025-08-01 00:00:00,MIDDLE,180.6931596159381,1.5693139491277048,12.0,12.0,no,no,63,0,0,0,0,False,15.062126159667969,1
TOASO.IS,5,2025-08-04 00:00:00,MIDDLE,167.62243342367304,1.4285727496787042,3.8999999999999986,3.8999999999999986,no,no,63,0,0,0,0,False,16.858354949951178,1
TOASO.IS,5,2025-08-13 00:00:00,MIDDLE,94.45685109958785,0.12658356614253902,6.0,6.0,no,no,63,1,0,0,0,False,31.962580108642584,1
TOASO.IS,5,2025-08-18 00:00:00,MIDDLE,87.45249241699197,0.7999968287887003,2.0,2.0,no,no,63,1,0,0,0,False,39.830435943603504,1
TOASO.IS,5,2025-08-20 00:00:00,MIDDLE,116.7024951987514,0.08264336704223517,-1.0,-1.0,no,no,63,2,1,0,0,False,44.115191650390614,1
TOASO.IS,5,2025-08-21 00:00:00,ABOVE_UPPER,182.99955647850302,0.48484725181503024,12.0,12.0,no,no,63,2,1,0,0,False,45.738346099853516,1
TOASO.IS,5,2025-08-22 00:00:00,MIDDLE,167.1317434699199,1.0975603037919457,5.0,5.0,no,no,63,2,1,0,0,False,47.14632797241211,1
TOASO.IS,5,2025-08-25 00:00:00,ABOVE_UPPER,211.0097518537593,0.6862745098039265,18.0,18.0,no,no,63,2,1,0,0,False,48.8490036010742,1
TOASO.IS,5,2025-08-26 00:00:00,ABOVE_UPPER,204.0589182644079,1.6781836130306058,12.0,12.0,no,no,63,2,1,0,0,False,49.97866439819336,1
TOASO.IS,5,2025-09-15 00:00:00,MIDDLE,98.77330868670589,0.28790786948176195,40.0,10.0,YES,YES,63,4,1,0,0,False,36.44847717285154,1
TOASO.IS,5,2025-09-16 00:00:00,ABOVE_UPPER,170.15162169365004,0.6523765144454811,1.0,1.0,no,no,63,4,1,0,0,False,36.464849090576166,1
TOASO.IS,5,2025-10-07 00:00:00,MIDDLE,127.12086970200917,0.26905829596411385,7.0,7.0,no,no,63,5,1,0,0,False,35.88247909545899,1
TOASO.IS,5,2025-10-08 00:00:00,MIDDLE,188.96204347981313,0.8841732979664088,2.0,2.0,no,no,63,5,1,0,0,False,36.371296691894514,1
TOASO.IS,6,2026-01-22 00:00:00,MIDDLE,93.2958185300107,0.08460236886633846,21.0,21.0,no,no,63,1,2,35,35,False,32.254936981201155,1
TOASO.IS,6,2026-01-23 00:00:00,MIDDLE,139.2323086001616,0.4149377593361091,21.0,21.0,no,no,63,1,2,35,35,False,36.26136932373049,1
TOASO.IS,7,2026-01-26 00:00:00,MIDDLE,150.6021252823625,0.7395234182415815,4.0,4.0,no,no,63,0,0,0,0,False,40.32861099243161,1
TOASO.IS,7,2026-01-27 00:00:00,MIDDLE,198.56199167445664,2.646351242983159,18.0,18.0,no,no,63,0,0,0,0,False,44.97120742797853,1
TOASO.IS,7,2026-01-28 00:00:00,MIDDLE,182.9211007142372,1.9920241852051572,-6.0,-6.0,no,no,63,0,1,0,0,False,48.49583892822267,1
TOASO.IS,7,2026-01-29 00:00:00,ABOVE_UPPER,175.92278633255955,1.0188087774294692,3.0,3.0,no,no,63,0,1,0,0,False,52.354924774169945,1
TOASO.IS,7,2026-01-30 00:00:00,ABOVE_UPPER,168.332092082489,0.0,-3.0,-3.0,no,no,63,0,2,0,0,False,55.89826660156251,1
TOASO.IS,7,2026-02-12 00:00:00,MIDDLE,79.66565533271856,0.5294954809028118,6.799999999999997,6.799999999999997,no,no,63,2,3,0,0,False,70.00380935668943,1
TOASO.IS,7,2026-02-13 00:00:00,MIDDLE,123.92323736982587,0.0,9.0,9.0,no,no,63,2,3,0,0,False,71.6994682312012,1
TOASO.IS,7,2026-02-16 00:00:00,ABOVE_UPPER,175.82358826892786,0.35893754486719487,-1.0,-1.0,no,no,63,2,4,0,0,False,74.12250595092775,1
TRALT.IS,1,2024-08-23 00:00:00,ABOVE_UPPER,233.22211269759683,4.7416848610581575,15.0,15.0,no,no,63,1,0,0,0,False,3.0339999198913574,1
TRALT.IS,1,2024-11-21 00:00:00,ABOVE_UPPER,146.32657395047224,0.0,19.799999999999997,19.799999999999997,no,no,63,4,8,9,9,False,-3.9849998474121087,-1
TRALT.IS,2,2024-11-22 00:00:00,MIDDLE,238.4613850749885,10.747669090692915,-3.0,-3.0,no,no,63,0,0,0,0,False,-3.8559999465942383,-1
TRALT.IS,2,2024-11-29 00:00:00,ABOVE_UPPER,154.08198793451456,4.31338679226513,1.1999999999999993,1.1999999999999993,no,no,63,3,0,0,0,False,-2.9909998893737786,-1
TRALT.IS,2,2024-12-02 00:00:00,ABOVE_UPPER,160.6155913981923,3.403144345764026,12.0,12.0,no,no,63,3,0,0,0,False,-2.6534998893737765,-1
TRALT.IS,2,2024-12-03 00:00:00,ABOVE_UPPER,166.50254837587988,2.288131353602468,14.0,14.0,no,no,63,3,0,0,0,False,-2.305499935150145,-1
TRALT.IS,2,2024-12-04 00:00:00,ABOVE_UPPER,169.16940848604122,1.3400402571981447,2.0,2.0,no,no,63,3,0,0,0,False,-1.911000061035157,-1
TRALT.IS,2,2024-12-05 00:00:00,MIDDLE,157.8739292292141,0.7444181261538354,11.0,11.0,no,no,63,3,0,0,0,False,-1.5699999809265144,-1
TRALT.IS,2,2024-12-09 00:00:00,MIDDLE,122.62488908864626,0.41118578422930097,11.0,11.0,no,no,63,3,0,0,0,False,-0.8069998741149895,-1
TRALT.IS,2,2025-01-20 00:00:00,ABOVE_UPPER,190.01584609778848,0.7437950088943921,9.0,9.0,no,no,63,3,1,17,17,False,2.5620000839233406,1
TRALT.IS,2,2025-01-21 00:00:00,ABOVE_UPPER,186.7479197203145,1.4072854086723416,1.0,1.0,no,no,63,3,1,17,17,False,2.652000141143798,1
TRALT.IS,2,2025-01-23 00:00:00,MIDDLE,159.9710556522201,1.5612126474296635,8.0,8.0,no,no,63,4,1,17,17,False,2.8700001716613777,1
TRALT.IS,2,2025-02-12 00:00:00,ABOVE_UPPER,170.8637292335026,2.1176506491268383,9.0,9.0,no,no,63,5,2,17,17,False,0.87700004577637,1
TRALT.IS,3,2025-03-13 00:00:00,MIDDLE,121.33898573237396,0.6741512834598589,18.0,18.0,no,no,63,0,0,0,0,False,2.0679999351501444,1
TRALT.IS,3,2025-03-14 00:00:00,MIDDLE,144.9450532953286,0.07251797613850146,9.2,9.2,no,no,63,0,0,0,0,False,2.1989999771118143,1
TRALT.IS,3,2025-03-28 00:00:00,ABOVE_UPPER,171.24855688544085,1.1049779429876614,13.0,13.0,no,no,63,1,1,0,0,False,2.3749999046325705,1
TRALT.IS,3,2025-04-02 00:00:00,MIDDLE,166.55082403168325,6.012885730363304,10.0,10.0,no,no,63,1,1,0,0,False,2.6720000267028823,1
TRALT.IS,3,2025-04-04 00:00:00,ABOVE_UPPER,173.63989435220137,0.8135585461632681,6.399999999999999,6.399999999999999,no,no,63,1,1,0,0,False,3.281999969482424,1
TRALT.IS,4,2025-08-25 00:00:00,ABOVE_UPPER,256.7209142984235,1.195216065741671,11.0,11.0,no,no,63,2,3,30,30,False,-0.21800003051757955,-1
TRALT.IS,4,2025-08-26 00:00:00,MIDDLE,188.3367575267862,2.1721600761098068,10.0,10.0,no,no,63,3,3,30,30,False,-0.13400001525878835,-1
TRALT.IS,5,2025-09-22 00:00:00,ABOVE_UPPER,195.84808182851876,2.6194157517613585,15.600000000000001,15.600000000000001,no,no,63,0,1,7,7,False,-0.22099971771240234,-1
TRALT.IS,5,2025-09-23 00:00:00,ABOVE_UPPER,184.13067109971527,1.9908060249139738,-3.0,-3.0,no,no,63,0,2,7,7,False,-0.08799972534179545,-1
TRALT.IS,5,2025-10-30 00:00:00,ABOVE_UPPER,186.31896265903987,0.8088209822929331,16.6,16.6,no,no,63,0,3,17,17,False,1.124000072479248,1
TRALT.IS,5,2025-10-31 00:00:00,MIDDLE,200.36567188553036,4.241076386122023,12.0,12.0,no,no,63,0,3,17,17,False,1.1739999771118157,1
TRALT.IS,5,2025-11-03 00:00:00,ABOVE_UPPER,180.13458445917726,1.8168604348948871,7.0,7.0,no,no,63,0,3,17,17,False,1.2289999961853049,1
TRALT.IS,5,2025-11-10 00:00:00,MIDDLE,150.2417471170611,2.6629232556181237,20.300000000000004,20.300000000000004,no,no,63,0,3,17,17,False,1.9390000343322775,1
TRALT.IS,5,2025-11-12 00:00:00,ABOVE_UPPER,183.8177686740586,0.0,14.8,14.8,no,no,63,1,3,17,17,False,2.4539999961853027,1
TRALT.IS,5,2025-11-13 00:00:00,ABOVE_UPPER,230.6602791642724,1.59021543006511,9.2,9.2,no,no,63,1,3,17,17,False,2.8429999351501465,1
TRALT.IS,5,2025-11-14 00:00:00,ABOVE_UPPER,216.72263062405742,0.0,7.199999999999999,7.199999999999999,no,no,63,1,3,17,17,False,3.2499998092651374,1
TRALT.IS,5,2025-11-17 00:00:00,ABOVE_UPPER,212.8887512968372,0.8968601235628331,9.2,9.2,no,no,63,1,3,17,17,False,3.81699981689453,1
TRALT.IS,5,2025-11-18 00:00:00,ABOVE_UPPER,208.01630997767992,0.05376467030505374,7.199999999999999,7.199999999999999,no,no,63,1,3,17,17,False,4.383999919891355,1
TRALT.IS,5,2025-11-19 00:00:00,ABOVE_UPPER,177.9432718835452,1.7675410945770103,32.0,10.0,YES,YES,63,1,3,17,17,False,4.96999988555908,1
TRALT.IS,5,2025-11-20 00:00:00,ABOVE_UPPER,173.4692324967687,0.3512277659425824,16.0,16.0,no,no,63,1,3,17,17,False,5.662999916076657,1
TRALT.IS,5,2025-11-21 00:00:00,MIDDLE,154.55840654570608,0.9000015258789064,19.0,19.0,no,no,63,1,3,17,17,False,6.321999931335448,1
TRALT.IS,5,2025-11-24 00:00:00,MIDDLE,133.49645349911,0.9000015258789064,15.0,15.0,no,no,63,1,3,17,17,False,6.927999877929686,1
TRALT.IS,6,2025-12-05 00:00:00,MIDDLE,104.49068846474196,0.8399213350611298,4.199999999999999,4.199999999999999,no,no,63,2,1,0,0,False,10.721999931335453,1
TRALT.IS,6,2025-12-22 00:00:00,ABOVE_UPPER,172.36979163306657,2.18778272813267,23.0,23.0,no,no,63,3,3,0,0,False,13.689999675750734,1
TRALT.IS,6,2025-12-23 00:00:00,ABOVE_UPPER,177.7841511104406,0.4797235450831331,4.0,4.0,no,no,63,3,3,0,0,False,14.079999637603759,1
TRALT.IS,6,2026-01-12 00:00:00,MIDDLE,117.94783146492354,0.6855177650646628,27.0,10.0,YES,YES,63,5,3,0,0,False,15.11899995803833,1
TRALT.IS,6,2026-01-13 00:00:00,ABOVE_UPPER,159.12106825040948,0.9492346123878636,21.799999999999997,21.799999999999997,no,no,63,5,3,0,0,False,15.160999965667727,1
TRALT.IS,6,2026-01-14 00:00:00,MIDDLE,167.00233102241344,3.730089551055229,4.300000000000004,4.300000000000004,no,no,63,5,3,0,0,False,15.061999988555911,1
TRALT.IS,6,2026-01-19 00:00:00,ABOVE_UPPER,190.41071663222596,3.018108605580802,0.1999999999999993,0.1999999999999993,no,no,63,5,3,0,0,False,13.893000030517577,1
TRALT.IS,6,2026-01-20 00:00:00,MIDDLE,151.18988688416977,5.371059475495535,0.5,0.5,no,no,63,6,3,0,0,False,13.442999935150144,1
TRALT.IS,6,2026-01-26 00:00:00,ABOVE_UPPER,155.60056753707008,0.1855259207610257,12.0,12.0,no,no,63,6,3,0,0,False,12.600000000000001,1
TRALT.IS,6,2026-01-28 00:00:00,MIDDLE,159.38291354237884,2.820744705259277,0.8999999999999986,0.8999999999999986,no,no,63,6,3,0,0,False,13.1875,1
TRALT.IS,6,2026-01-29 00:00:00,ABOVE_UPPER,196.3456985528173,0.42194092827004215,14.0,14.0,no,no,63,6,3,0,0,False,13.676000118255615,1
TRALT.IS,7,2026-02-23 00:00:00,ABOVE_UPPER,169.1879550722314,0.3267986281800285,14.0,14.0,no,no,63,0,0,0,0,False,12.816500282287599,1
TRALT.IS,7,2026-02-24 00:00:00,MIDDLE,153.0294788960725,0.6557402063588627,17.0,17.0,no,no,63,0,0,0,0,False,12.874500465393062,1
TTKOM.IS,2,2025-01-27 00:00:00,MIDDLE,171.21056417980782,1.6359902087879699,4.0,4.0,no,no,63,0,0,45,45,False,0.25500011444091797,1
TTKOM.IS,2,2025-01-28 00:00:00,ABOVE_UPPER,206.39959119308455,0.0,3.0,3.0,no,no,63,0,0,45,45,False,0.6750001907348633,1
TTKOM.IS,2,2025-01-29 00:00:00,MIDDLE,188.53513827250808,1.1811068854911215,12.0,12.0,no,no,63,0,0,45,45,False,0.9910001754760742,1
TTKOM.IS,3,2025-03-07 00:00:00,MIDDLE,207.45165330054357,2.030946269952914,12.0,12.0,no,no,63,0,0,0,0,False,4.053499984741208,1
TTKOM.IS,3,2025-03-13 00:00:00,ABOVE_UPPER,244.17673907547373,0.18181540749289773,3.0,3.0,no,no,63,0,0,0,0,False,4.815499877929682,1
TTKOM.IS,3,2025-03-14 00:00:00,ABOVE_UPPER,242.73978041959134,0.5319135264967918,1.0,1.0,no,no,63,0,0,0,0,False,5.0889997482299805,1
TTKOM.IS,3,2025-03-17 00:00:00,ABOVE_UPPER,223.84035659612638,0.43630018032933016,-3.0,-3.0,no,no,63,0,1,0,0,False,5.439999580383301,1
TTKOM.IS,3,2025-03-18 00:00:00,ABOVE_UPPER,188.5723176928731,0.4340277892755876,9.0,9.0,no,no,63,0,1,0,0,False,5.750999641418453,1
TTKOM.IS,3,2025-05-12 00:00:00,ABOVE_UPPER,256.14521238430814,1.9039696723996178,-11.0,-11.0,no,no,63,0,10,0,0,False,4.418499946594238,1
TTKOM.IS,3,2025-05-13 00:00:00,ABOVE_UPPER,199.3165301575193,2.4979184330684516,-9.0,-9.0,no,no,63,0,11,0,0,False,4.607999801635742,1
TTKOM.IS,3,2025-05-14 00:00:00,ABOVE_UPPER,182.8684838009094,0.7334975943467615,3.0,3.0,no,no,63,0,11,0,0,False,4.812999725341797,1
TTKOM.IS,3,2025-05-15 00:00:00,MIDDLE,158.0713053367669,1.3018701824704078,12.0,12.0,no,no,63,0,11,0,0,False,5.015499687194826,1
TTKOM.IS,4,2025-07-01 00:00:00,ABOVE_UPPER,199.81159257839042,0.40849672693368844,19.799999999999997,19.799999999999997,no,no,63,2,1,0,0,False,4.754999160766602,1
TTKOM.IS,4,2025-07-02 00:00:00,ABOVE_UPPER,219.66461727619753,0.0,4.0,4.0,no,no,63,2,1,0,0,False,4.871999359130854,1
TTKOM.IS,4,2025-07-03 00:00:00,MIDDLE,161.91461500942802,4.145937034213913,10.0,10.0,no,no,63,2,1,0,0,False,4.794499397277832,1
TTKOM.IS,5,2025-08-27 00:00:00,MIDDLE,170.7628026886784,2.0610057189638065,12.0,12.0,no,no,63,0,0,0,0,False,0.33500080108642294,1
TTKOM.IS,5,2025-11-05 00:00:00,ABOVE_UPPER,193.69563125731955,0.0,39.8,10.0,YES,YES,63,1,0,30,30,False,-4.829000473022461,-1
TTKOM.IS,5,2025-11-06 00:00:00,ABOVE_UPPER,214.00230255628614,2.3465689553334768,24.2,24.2,no,no,63,1,0,30,30,False,-4.249000167846681,-1
TTKOM.IS,5,2025-11-07 00:00:00,ABOVE_UPPER,176.04268719223867,1.6129059824093233,13.0,13.0,no,no,63,1,0,30,30,False,-3.7215002059936566,-1
TTKOM.IS,5,2025-11-10 00:00:00,ABOVE_UPPER,187.11834902809412,0.787396213871347,15.0,15.0,no,no,63,1,0,30,30,False,-3.1105001449584933,-1
TTKOM.IS,6,2026-01-16 00:00:00,ABOVE_UPPER,198.92542201930425,0.5640649365380069,1.0,1.0,no,no,63,0,0,1,1,False,3.874499511718753,1
TTKOM.IS,6,2026-01-19 00:00:00,ABOVE_UPPER,208.62362837188545,1.921538427989237,1.0,1.0,no,no,63,0,0,1,1,False,3.8969995498657184,1
TTKOM.IS,6,2026-01-21 00:00:00,MIDDLE,151.61615900427066,1.0317484537760415,18.0,18.0,no,no,63,0,0,1,1,False,4.131999778747556,1
TTKOM.IS,6,2026-01-22 00:00:00,ABOVE_UPPER,163.4269248326059,0.15516851551744343,13.0,13.0,no,no,63,0,0,1,1,False,4.361999702453616,1
TTKOM.IS,6,2026-01-23 00:00:00,MIDDLE,159.68093350381153,2.1028133453090274,25.0,25.0,no,no,63,0,0,1,1,False,4.511999702453615,1
TTKOM.IS,6,2026-01-26 00:00:00,ABOVE_UPPER,145.17383436645758,0.15197335787725674,18.0,18.0,no,no,63,0,0,1,1,False,4.746999931335452,1
TTKOM.IS,6,2026-01-30 00:00:00,MIDDLE,115.21351240932239,0.30074729058975563,2.0,2.0,no,no,63,0,0,1,1,False,5.47999992370606,1
TTKOM.IS,6,2026-02-03 00:00:00,MIDDLE,121.6073377164658,0.7390982834031858,4.0,4.0,no,no,63,0,0,1,1,False,6.284999847412109,1
TTKOM.IS,6,2026-02-12 00:00:00,MIDDLE,117.8280508412215,0.8670608814685307,18.2,18.2,no,no,63,2,0,1,1,False,9.009999847412104,1
TTKOM.IS,6,2026-02-13 00:00:00,MIDDLE,139.90699835186632,0.0,4.0,4.0,no,no,63,2,0,1,1,False,9.44250011444091,1
TTKOM.IS,6,2026-02-16 00:00:00,ABOVE_UPPER,204.63182223593176,2.7548209945388877,24.0,24.0,no,no,63,2,0,1,1,False,9.952499961853022,1
TTKOM.IS,6,2026-02-17 00:00:00,ABOVE_UPPER,202.82908889191685,2.949247573219423,10.0,10.0,no,no,63,2,0,1,1,False,10.429999923706049,1
TTKOM.IS,6,2026-02-18 00:00:00,MIDDLE,179.6407345093079,4.129387387461183,11.0,11.0,no,no,63,3,0,1,1,False,10.860000038146971,1
TUPRS.IS,2,2024-12-06 00:00:00,MIDDLE,183.7188276851998,0.9204580146981657,2.0,2.0,no,no,63,0,0,17,17,False,-6.287047576904314,-1
TUPRS.IS,2,2024-12-09 00:00:00,ABOVE_UPPER,201.67843797013418,0.2588957258798466,15.0,15.0,no,no,63,0,0,17,17,False,-5.785738754272472,-1
TUPRS.IS,2,2024-12-10 00:00:00,MIDDLE,177.3588614595454,1.4285694469105115,4.0,4.0,no,no,63,1,0,17,17,False,-5.068593978881836,-1
TUPRS.IS,3,2025-03-10 00:00:00,MIDDLE,146.8143034539886,0.564575207471607,6.0,6.0,no,no,63,5,4,0,0,False,-12.232900238037104,-1
TUPRS.IS,3,2025-03-11 00:00:00,MIDDLE,140.44285084957747,0.6351511465467156,16.0,16.0,no,no,63,5,4,0,0,False,-11.92293052673341,-1
TUPRS.IS,3,2025-03-12 00:00:00,MIDDLE,152.12038445439904,0.9742583055013511,8.0,8.0,no,no,63,5,4,0,0,False,-11.538742828369138,-1
TUPRS.IS,3,2025-03-13 00:00:00,MIDDLE,141.57163873248615,0.7639004242465117,6.0,6.0,no,no,63,5,4,0,0,False,-11.250601959228504,-1
TUPRS.IS,3,2025-03-14 00:00:00,MIDDLE,126.22947523879382,0.48477273590179737,19.0,19.0,no,no,63,5,4,0,0,False,-10.966827392578125,-1
TUPRS.IS,3,2025-03-17 00:00:00,MIDDLE,123.99167870359706,0.7529026685647127,11.0,11.0,no,no,63,5,4,0,0,False,-10.416739273071286,-1
TUPRS.IS,4,2025-06-18 00:00:00,ABOVE_UPPER,196.48652973389923,0.9489073370495028,11.2,11.2,no,no,63,0,0,17,17,False,-2.0283035278320227,-1
TUPRS.IS,4,2025-06-19 00:00:00,ABOVE_UPPER,267.30874546571573,0.06953466106018015,19.0,19.0,no,no,63,0,0,17,17,False,-0.8430816650390653,-1
TUPRS.IS,4,2025-07-14 00:00:00,MIDDLE,174.4872999346962,2.186491251758445,18.0,18.0,no,no,63,0,0,33,33,False,15.837271118164068,1
TUPRS.IS,4,2025-07-18 00:00:00,MIDDLE,146.77197681977555,0.06245524104596571,14.0,14.0,no,no,63,0,0,33,33,False,17.4260799407959,1
TUPRS.IS,4,2025-07-21 00:00:00,ABOVE_UPPER,181.88423185600942,0.9580874871351163,12.0,12.0,no,no,63,0,0,33,33,False,18.262051773071292,1
TUPRS.IS,4,2025-07-22 00:00:00,MIDDLE,164.41416642796736,0.5966659745294954,17.0,17.0,no,no,63,0,0,33,33,False,18.91789741516112,1
TUPRS.IS,5,2025-07-31 00:00:00,MIDDLE,86.12611240567814,0.6512755477190534,1.0,1.0,no,no,63,0,0,0,0,False,27.356131362915036,1
TUPRS.IS,5,2025-08-21 00:00:00,MIDDLE,106.87958269366047,0.8313512673091837,-8.0,-8.0,no,no,63,2,1,0,0,False,29.203580856323228,1
TUPRS.IS,5,2025-08-22 00:00:00,ABOVE_UPPER,216.9333734472242,0.17371340883562358,7.200000000000003,7.200000000000003,no,no,63,2,1,0,0,False,29.111207962036133,1
TUPRS.IS,5,2025-08-25 00:00:00,ABOVE_UPPER,232.39115881193501,1.2152724581246375,16.0,16.0,no,no,63,2,1,0,0,False,29.037310791015614,1
TUPRS.IS,5,2025-08-26 00:00:00,MIDDLE,169.11703997454913,1.9230742234860594,7.0,7.0,no,no,63,3,1,0,0,False,28.806379318237305,1
TUPRS.IS,5,2025-09-01 00:00:00,MIDDLE,100.85908856966806,0.9815180725902647,21.0,21.0,no,no,63,3,1,0,0,False,26.557109832763672,1
TUPRS.IS,5,2025-09-15 00:00:00,ABOVE_UPPER,204.57335559567292,0.2177513129660684,23.799999999999997,23.799999999999997,no,no,63,4,1,0,0,False,21.707551574707026,1
TUPRS.IS,5,2025-09-16 00:00:00,ABOVE_UPPER,310.47225081910335,0.37036875568369815,-1.0,-1.0,no,no,63,4,2,0,0,False,22.150939178466814,1
TUPRS.IS,5,2025-09-18 00:00:00,ABOVE_UPPER,228.45493097475781,1.5673981691047005,14.0,14.0,no,no,63,4,2,0,0,False,21.64750709533692,1
TUPRS.IS,5,2025-09-19 00:00:00,ABOVE_UPPER,185.4991283639473,0.0,14.0,14.0,no,no,63,4,2,0,0,False,21.13483848571778,1
TUPRS.IS,5,2025-09-22 00:00:00,MIDDLE,172.74677121710866,2.299437951033864,23.0,23.0,no,no,63,4,2,0,0,False,20.876194763183577,1
TUPRS.IS,5,2025-09-25 00:00:00,MIDDLE,120.33562467984851,0.548350354565263,21.0,21.0,no,no,63,4,2,0,0,False,21.33805770874025,1
TUPRS.IS,6,2025-10-28 00:00:00,MIDDLE,155.9165731965793,0.40671228478377297,12.0,12.0,no,no,63,0,0,0,0,False,21.380687713623047,1
TUPRS.IS,6,2025-10-31 00:00:00,MIDDLE,146.8180234518089,0.8603223156539812,0.8999999999999986,0.8999999999999986,no,no,63,1,0,0,0,False,21.525860595703108,1
TUPRS.IS,6,2025-11-18 00:00:00,MIDDLE,126.78196970364203,0.7352941176470605,-10.0,-10.0,no,no,63,3,2,0,0,False,23.33340530395509,1
TUPRS.IS,6,2025-11-19 00:00:00,MIDDLE,172.08122577495394,0.9685230024213182,4.0,4.0,no,no,63,3,2,0,0,False,23.685057830810564,1
TUPRS.IS,6,2025-11-20 00:00:00,MIDDLE,162.04663944076188,2.097562464272109,16.0,16.0,no,no,63,3,2,0,0,False,23.580229187011724,1
TUPRS.IS,6,2026-01-06 00:00:00,MIDDLE,105.07302132682825,0.34999642502457146,20.2,20.2,no,no,63,8,2,0,0,False,2.622457885742193,1
TUPRS.IS,6,2026-01-19 00:00:00,MIDDLE,161.4614137530653,1.5260295556165304,21.0,21.0,no,no,63,8,2,6,6,False,0.01440963745116619,1
TUPRS.IS,6,2026-01-20 00:00:00,MIDDLE,152.2141551188934,0.4847977669040655,3.8000000000000007,3.8000000000000007,no,no,63,8,2,6,6,False,1.8395637512206804,1
TUPRS.IS,7,2026-01-29 00:00:00,MIDDLE,150.3578721176343,0.0,6.0,6.0,no,no,63,0,0,0,0,False,17.079599761962896,1
TUPRS.IS,7,2026-03-03 00:00:00,ABOVE_UPPER,207.17830488577914,2.042554490109708,35.2,10.0,YES,YES,63,2,0,0,0,False,30.85471267700197,1
TUPRS.IS,7,2026-03-04 00:00:00,MIDDLE,156.72724945254853,3.809521698136132,12.0,12.0,no,no,63,2,0,0,0,False,30.864318084716786,1
TUPRS.IS,7,2026-03-05 00:00:00,ABOVE_UPPER,275.9901441005148,0.28362922997832585,-9.0,-9.0,no,no,63,2,1,0,0,False,31.90177383422852,1
TUPRS.IS,7,2026-03-06 00:00:00,ABOVE_UPPER,313.7404338471872,2.2286821705426436,1.0,1.0,no,no,63,2,1,0,0,False,33.58763885498047,1
TUPRS.IS,7,2026-03-09 00:00:00,MIDDLE,233.40599290333068,10.789210789210783,1.5,1.5,no,no,63,3,1,0,0,False,34.79079971313479,1
TUPRS.IS,7,2026-03-12 00:00:00,ABOVE_UPPER,147.40682379489215,4.721431292894829,11.799999999999997,11.799999999999997,no,no,63,3,1,0,0,False,36.3734016418457,1
TUPRS.IS,7,2026-04-13 00:00:00,MIDDLE,165.37395957234003,1.7045454545454544,3.0,3.0,no,no,63,4,1,0,0,False,34.999695587158186,1
TUPRS.IS,7,2026-04-14 00:00:00,ABOVE_UPPER,185.75378651448648,1.8691588785046727,8.0,8.0,no,no,63,4,1,0,0,False,35.59107437133787,1
TUPRS.IS,7,2026-04-24 00:00:00,MIDDLE,156.90162288516822,1.3011152416356877,4.0,4.0,no,no,63,4,1,0,0,False,40.67994079589846,1
VAKBN.IS,1,2024-11-11 00:00:00,ABOVE_UPPER,146.4106947982222,1.8388794811210065,16.0,16.0,no,no,63,2,1,28,28,False,0.897999858856199,1
VAKBN.IS,1,2024-11-12 00:00:00,MIDDLE,158.1160315716308,2.4669579168325444,4.800000000000001,4.800000000000001,no,no,63,2,1,28,28,False,0.8484998703002908,1
VAKBN.IS,1,2024-11-13 00:00:00,ABOVE_UPPER,173.18782954578873,1.5332223908436866,13.0,13.0,no,no,63,2,1,28,28,False,0.8489998817443869,1
VAKBN.IS,1,2024-11-14 00:00:00,ABOVE_UPPER,206.68177905705397,3.410980297819307,12.300000000000004,12.300000000000004,no,no,63,2,1,28,28,False,0.874499893188478,1
VAKBN.IS,1,2024-11-15 00:00:00,MIDDLE,172.50093886205192,4.0167406156650145,0.8999999999999986,0.8999999999999986,no,no,63,2,1,28,28,False,0.8234998703002958,1
VAKBN.IS,1,2024-11-21 00:00:00,MIDDLE,112.71593403224553,0.0,17.0,17.0,no,no,63,3,1,28,28,False,0.6789999008178711,1
VAKBN.IS,2,2024-11-22 00:00:00,MIDDLE,125.54750009132266,0.8620662594367791,21.0,21.0,no,no,63,0,0,0,0,False,0.7124999046325691,1
VAKBN.IS,2,2025-01-09 00:00:00,MIDDLE,118.41367825036531,0.24469602292925496,14.0,14.0,no,no,63,6,0,0,0,False,2.216499900817869,1
VAKBN.IS,2,2025-01-16 00:00:00,ABOVE_UPPER,156.84923868536103,0.0,-3.0,-3.0,no,no,63,6,1,0,0,False,2.014499855041503,1
VAKBN.IS,2,2025-01-17 00:00:00,ABOVE_UPPER,204.13979470664572,0.31372519100413604,-3.0,-3.0,no,no,63,6,2,0,0,False,1.9514998435974107,1
VAKBN.IS,2,2025-01-20 00:00:00,ABOVE_UPPER,203.1334230428184,0.618244822060507,13.0,13.0,no,no,63,6,2,0,0,False,1.8774997711181634,1
VAKBN.IS,2,2025-01-21 00:00:00,ABOVE_UPPER,235.1941142901575,0.37850257827763817,1.0,1.0,no,no,63,6,2,0,0,False,1.868499660491942,1
VAKBN.IS,2,2025-01-22 00:00:00,ABOVE_UPPER,207.37683814155343,0.7535751646255977,11.0,11.0,no,no,63,6,2,0,0,False,1.9494996070861816,1
VAKBN.IS,2,2025-01-28 00:00:00,MIDDLE,116.05404093998904,0.5243422683446572,16.0,16.0,no,no,63,7,2,0,0,False,1.9029996871948214,1
VAKBN.IS,3,2025-03-03 00:00:00,MIDDLE,167.6182622867172,2.9520266634666377,41.6,10.0,YES,YES,63,0,0,0,0,False,2.5460000038146973,1
VAKBN.IS,3,2025-03-04 00:00:00,MIDDLE,187.70681824812286,3.197028336606906,8.0,8.0,no,no,63,0,0,0,0,False,2.491000080108641,1
VAKBN.IS,3,2025-03-05 00:00:00,MIDDLE,187.20623224999665,2.7509285561788985,7.1,7.1,no,no,63,1,0,0,0,False,2.435000038146974,1
VAKBN.IS,3,2025-03-07 00:00:00,ABOVE_UPPER,174.9238056195703,0.7953699008247663,7.0,7.0,no,no,63,1,0,0,0,False,2.428999996185304,1
VAKBN.IS,3,2025-03-10 00:00:00,MIDDLE,157.17527433614782,1.086166647158123,16.0,16.0,no,no,63,1,0,0,0,False,2.483000087738038,1
VAKBN.IS,3,2025-03-14 00:00:00,MIDDLE,127.67251890305205,0.8456719012119729,17.0,17.0,no,no,63,1,0,0,0,False,2.5170001029968283,1
VAKBN.IS,3,2025-05-13 00:00:00,ABOVE_UPPER,230.45080170271743,0.848899692160724,-3.0,-3.0,no,no,63,3,2,25,25,False,-4.644999980926514,-1
VAKBN.IS,3,2025-05-14 00:00:00,MIDDLE,191.56318489653827,2.459711304421821,24.0,24.0,no,no,63,3,2,25,25,False,-4.640999984741214,-1
VAKBN.IS,4,2025-06-10 00:00:00,ABOVE_UPPER,205.85170320910623,0.7217333653621061,-9.0,-9.0,no,no,63,0,1,0,0,False,-1.7649998664855957,-1
VAKBN.IS,4,2025-06-11 00:00:00,MIDDLE,196.48231925378232,1.5359784625335897,-18.0,-18.0,no,no,63,0,1,0,0,False,-1.3919998168945291,-1
VAKBN.IS,4,2025-06-30 00:00:00,ABOVE_UPPER,163.6503824262422,0.5291054491352055,23.799999999999997,23.799999999999997,no,no,63,1,1,8,8,False,2.3650001525878928,1
VAKBN.IS,4,2025-07-01 00:00:00,ABOVE_UPPER,193.41666534768004,1.1252784650322039,12.0,12.0,no,no,63,1,1,8,8,False,2.733000087738038,1
VAKBN.IS,4,2025-07-02 00:00:00,ABOVE_UPPER,210.6246247232664,0.43795927337255647,10.0,10.0,no,no,63,1,1,8,8,False,3.0850000381469727,1
VAKBN.IS,4,2025-07-03 00:00:00,ABOVE_UPPER,194.3909713581084,2.9839872943370764,7.5,7.5,no,no,63,1,1,8,8,False,3.365999984741208,1
VAKBN.IS,4,2025-07-04 00:00:00,MIDDLE,163.72377950938898,2.387843205449883,0.09999999999999787,0.09999999999999787,no,no,63,1,1,8,8,False,3.6349999427795403,1
VAKBN.IS,4,2025-07-21 00:00:00,MIDDLE,95.9721333121192,0.28168987598808554,24.0,24.0,no,no,63,1,1,8,8,False,4.77800006866455,1
VAKBN.IS,4,2025-07-24 00:00:00,MIDDLE,153.34414588579205,0.5438472025737148,21.6,21.6,no,no,63,2,1,8,8,False,4.948999881744385,1
VAKBN.IS,4,2025-07-25 00:00:00,MIDDLE,150.45466323314002,0.7493164468018649,2.0,2.0,no,no,63,2,1,8,8,False,5.076999855041503,1
VAKBN.IS,5,2025-11-06 00:00:00,MIDDLE,161.31146110002265,1.8691570737231833,4.0,4.0,no,no,63,6,1,30,30,False,-4.240000152587889,-1
VAKBN.IS,5,2025-11-12 00:00:00,MIDDLE,124.0310352601204,0.5376320457998046,20.8,20.8,no,no,63,7,1,30,30,False,-3.875,-1
VAKBN.IS,5,2025-11-13 00:00:00,MIDDLE,158.3002133293674,0.2245560435363758,6.0,6.0,no,no,63,7,1,30,30,False,-3.6140000343322782,-1
VAKBN.IS,5,2025-11-14 00:00:00,MIDDLE,163.7127705436972,0.5930313199658686,20.0,20.0,no,no,63,7,1,30,30,False,-3.307000064849852,-1
VAKBN.IS,5,2025-11-17 00:00:00,MIDDLE,164.87796557018746,1.9940949669450425,11.899999999999999,11.899999999999999,no,no,63,7,1,30,30,False,-2.9850001335144043,-1
VAKBN.IS,6,2025-11-27 00:00:00,MIDDLE,150.59882995559062,0.5645725001786878,6.0,6.0,no,no,63,0,0,0,0,False,-0.9249999046325676,-1
VAKBN.IS,6,2025-11-28 00:00:00,ABOVE_UPPER,162.5305980225621,0.4864467905082434,6.0,6.0,no,no,63,0,0,0,0,False,-0.649999809265136,-1
VAKBN.IS,6,2025-12-01 00:00:00,ABOVE_UPPER,201.7128230512187,1.1228538470206906,24.0,24.0,no,no,63,0,0,0,0,False,-0.33299970626831055,-1
VAKBN.IS,6,2026-01-02 00:00:00,MIDDLE,139.77123724409572,0.315657766750049,8.0,8.0,no,no,63,2,3,3,3,False,6.569000148773192,1
VAKBN.IS,6,2026-01-05 00:00:00,ABOVE_UPPER,218.65811672442328,0.30599288001002933,12.0,12.0,no,no,63,2,3,3,3,False,6.57200012207031,1
VAKBN.IS,6,2026-01-06 00:00:00,ABOVE_UPPER,240.31882850091404,2.6682870840803012,28.0,10.0,YES,YES,63,2,3,3,3,False,6.651000118255617,1
VAKBN.IS,6,2026-01-07 00:00:00,ABOVE_UPPER,195.0606962041903,2.7305872296061255,10.0,10.0,no,no,63,2,3,3,3,False,6.660000038146972,1
VAKBN.IS,6,2026-01-20 00:00:00,MIDDLE,109.8027038933049,0.7113155063139794,11.2,11.2,no,no,63,7,3,3,3,False,6.198999977111814,1
VAKBN.IS,6,2026-01-21 00:00:00,MIDDLE,149.78204213463968,0.6361983642473088,11.0,11.0,no,no,63,7,3,3,3,False,6.199000072479247,1
VAKBN.IS,6,2026-01-29 00:00:00,MIDDLE,180.69481568855372,3.4540328999029852,3.5,3.5,no,no,63,8,3,3,3,False,6.092999935150143,1
VAKBN.IS,6,2026-01-30 00:00:00,ABOVE_UPPER,147.9484308605895,1.7534229853381849,16.0,16.0,no,no,63,8,3,3,3,False,6.051999950408938,1
VAKBN.IS,6,2026-02-03 00:00:00,MIDDLE,135.17255937300462,0.8676781061724965,19.0,19.0,no,no,63,8,3,3,3,False,5.815000057220459,1
VAKBN.IS,6,2026-02-12 00:00:00,ABOVE_UPPER,193.34637082376878,0.0,19.0,19.0,no,no,63,9,3,3,3,False,6.432000064849852,1
VAKBN.IS,6,2026-02-13 00:00:00,ABOVE_UPPER,239.26938911253401,3.678607136955203,23.0,23.0,no,no,63,9,3,3,3,False,6.673999881744383,1
VAKBN.IS,6,2026-02-16 00:00:00,MIDDLE,199.37335199220985,4.589846460294272,8.0,8.0,no,no,63,9,3,3,3,False,6.8439999580383315,1
VAKBN.IS,6,2026-02-17 00:00:00,MIDDLE,166.36233661450842,4.436859274777886,-6.0,-6.0,no,no,63,9,4,3,3,False,7.009999942779544,1
YKBNK.IS,1,2024-11-13 00:00:00,ABOVE_UPPER,164.43124799082187,3.058995559336604,15.899999999999999,15.899999999999999,no,no,63,0,1,49,49,False,-5.717000102996828,-1
YKBNK.IS,1,2024-11-14 00:00:00,MIDDLE,178.41287702816064,2.75961618107539,8.899999999999999,8.899999999999999,no,no,63,0,1,49,49,False,-5.656000041961672,-1
YKBNK.IS,1,2024-11-15 00:00:00,MIDDLE,172.88339764937484,3.2093331813204764,9.899999999999999,9.899999999999999,no,no,63,0,1,49,49,False,-5.590000057220461,-1
YKBNK.IS,1,2024-11-21 00:00:00,MIDDLE,100.14482381011233,0.7834733402857369,26.799999999999997,10.0,YES,YES,63,2,1,49,49,False,-4.946000194549562,-1
YKBNK.IS,2,2024-11-22 00:00:00,MIDDLE,136.09640711320515,0.6164328531648596,2.1999999999999993,2.1999999999999993,no,no,63,0,0,0,0,False,-4.728000164031982,-1
YKBNK.IS,2,2024-11-28 00:00:00,MIDDLE,138.02303204101298,0.0,11.0,11.0,no,no,63,0,0,0,0,False,-3.0869999885559096,-1
YKBNK.IS,2,2025-01-21 00:00:00,MIDDLE,159.9300747128809,0.9208079195827205,19.0,19.0,no,no,63,11,1,3,3,False,5.006000232696536,1
YKBNK.IS,2,2025-01-22 00:00:00,ABOVE_UPPER,200.24979420933124,0.24010153597664838,11.0,11.0,no,no,63,11,1,3,3,False,5.010000228881836,1
YKBNK.IS,2,2025-01-23 00:00:00,MIDDLE,162.73360824668282,1.7575813062263257,14.0,14.0,no,no,63,12,1,3,3,False,4.8530002593994155,1
YKBNK.IS,3,2025-05-09 00:00:00,MIDDLE,115.26002285601325,0.8271251160737583,21.0,21.0,no,no,63,4,6,27,27,False,-6.252999973297118,-1
YKBNK.IS,3,2025-05-13 00:00:00,ABOVE_UPPER,228.08778770495945,0.7830808473825412,4.0,4.0,no,no,63,4,6,27,27,False,-6.4379999160766594,-1
YKBNK.IS,3,2025-05-14 00:00:00,ABOVE_UPPER,217.1650465415229,1.3270813196797353,1.0,1.0,no,no,63,4,6,27,27,False,-6.570999813079833,-1
YKBNK.IS,3,2025-05-15 00:00:00,MIDDLE,160.09369887498158,2.8526122023914557,10.0,10.0,no,no,63,4,6,27,27,False,-6.749999713897708,-1
YKBNK.IS,3,2025-05-16 00:00:00,ABOVE_UPPER,186.91543311074471,0.6746638047858722,12.599999999999998,12.599999999999998,no,no,63,4,6,27,27,False,-6.815999794006348,-1
YKBNK.IS,3,2025-05-20 00:00:00,ABOVE_UPPER,187.74926810829885,1.259259824399595,1.0,1.0,no,no,63,4,6,27,27,False,-6.836999797821047,-1
YKBNK.IS,4,2025-06-03 00:00:00,MIDDLE,113.00245800462235,0.8771921263311704,3.0,3.0,no,no,63,0,0,0,0,False,-3.266999912261962,-1
YKBNK.IS,4,2025-06-04 00:00:00,MIDDLE,135.77276194257234,0.07251797613850146,-3.0,-3.0,no,no,63,0,1,0,0,False,-2.6759999275207527,-1
YKBNK.IS,4,2025-06-05 00:00:00,MIDDLE,118.96557845913074,0.8035106919154678,-15.0,-15.0,no,no,63,0,2,0,0,False,-2.1340000152587884,-1
YKBNK.IS,4,2025-06-10 00:00:00,ABOVE_UPPER,169.79996860036366,0.912922166646285,13.0,13.0,no,no,63,0,2,0,0,False,-1.5180000305175803,-1
YKBNK.IS,4,2025-06-11 00:00:00,MIDDLE,161.24453562047242,1.268501131068526,-15.0,-15.0,no,no,63,0,3,0,0,False,-0.879000091552733,-1
YKBNK.IS,5,2025-11-20 00:00:00,MIDDLE,108.01242233664921,0.874633363654431,-1.0,-1.0,no,no,63,2,2,35,35,False,0.26899948120117756,1
YKBNK.IS,5,2025-11-24 00:00:00,MIDDLE,99.80531411869259,0.9918324524364655,1.3999999999999986,1.3999999999999986,no,no,63,2,2,35,35,False,0.38599948883057067,1
YKBNK.IS,6,2025-11-28 00:00:00,MIDDLE,133.10326837623515,0.3965988461026815,4.0,4.0,no,no,63,0,1,0,0,False,0.2049996376037555,1
YKBNK.IS,6,2025-12-01 00:00:00,ABOVE_UPPER,194.47057792183747,1.19240815315523,13.0,13.0,no,no,63,0,1,0,0,False,0.27099981307983967,1
YKBNK.IS,6,2025-12-02 00:00:00,MIDDLE,163.9947287576715,3.0922111930923437,16.0,16.0,no,no,63,0,1,0,0,False,0.3489999771118164,1
YKBNK.IS,6,2025-12-03 00:00:00,MIDDLE,157.13644599450313,1.8398277110928218,14.8,14.8,no,no,63,0,1,0,0,False,0.46700000762939453,1
YKBNK.IS,6,2026-01-02 00:00:00,ABOVE_UPPER,168.71749377962408,0.4197267888123692,-17.0,-17.0,no,no,63,5,4,0,0,False,5.207000255584717,1
YKBNK.IS,6,2026-01-05 00:00:00,ABOVE_UPPER,206.93554095721683,0.9414141732556813,10.0,10.0,no,no,63,5,4,0,0,False,5.209000301361087,1
YKBNK.IS,6,2026-01-06 00:00:00,ABOVE_UPPER,198.85426942900256,0.6204701703102549,2.0,2.0,no,no,63,5,4,0,0,False,5.21300039291382,1
YKBNK.IS,6,2026-01-21 00:00:00,MIDDLE,92.35597033205475,0.8812761061533891,3.1999999999999993,3.1999999999999993,no,no,63,6,4,0,0,False,3.889000511169428,1
YKBNK.IS,6,2026-01-23 00:00:00,MIDDLE,99.94789805728291,0.6725254075514626,13.399999999999999,13.399999999999999,no,no,63,7,4,0,0,False,3.8690004348754883,1
YKBNK.IS,6,2026-01-29 00:00:00,ABOVE_UPPER,265.5156601811823,2.574250152351827,42.2,10.0,YES,YES,63,8,4,0,0,False,3.8390001296997127,1
YKBNK.IS,6,2026-01-30 00:00:00,ABOVE_UPPER,270.7777948630855,0.8763310117044713,0.1999999999999993,0.1999999999999993,no,no,63,8,4,0,0,False,3.952000427246098,1
YKBNK.IS,6,2026-02-02 00:00:00,MIDDLE,174.11185634059674,2.7777751497070007,1.5,1.5,no,no,63,9,4,0,0,False,3.940000343322751,1
YKBNK.IS,6,2026-02-03 00:00:00,MIDDLE,169.55701969072274,1.1718739086063334,8.600000000000001,8.600000000000001,no,no,63,9,4,0,0,False,3.870000267028807,1
YKBNK.IS,6,2026-02-12 00:00:00,ABOVE_UPPER,160.142693549913,0.09385480180624399,10.2,10.2,no,no,63,9,4,0,0,False,3.2920000076293903,1
YKBNK.IS,6,2026-02-13 00:00:00,MIDDLE,159.4555016999652,2.3433752974360162,3.0,3.0,no,no,63,9,4,0,0,False,3.431999969482426,1
YKBNK.IS,6,2026-02-18 00:00:00,MIDDLE,152.1714235570174,1.7600702088047593,9.600000000000001,9.600000000000001,no,no,63,10,4,0,0,False,3.68199977874756,1
YKBNK.IS,7,2026-02-26 00:00:00,MIDDLE,116.12308084775798,0.6360717319063373,19.0,19.0,no,no,63,1,0,0,0,False,5.038999748229976,1
